,all_tweets,AFD,CDUCSU,FDP,GRUENE,LINKE,OTHER,SPD,AFD - norm,CDUCSU - norm,FDP - norm,GRUENE - norm,LINKE - norm,OTHER - norm,SPD - norm
2021-01-01,74,0.0,0.0,0.0,0.0,0.0,0.0,0.0,0.0,0.0,0.0,0.0,0.0,0.0,
2021-01-02,75,0.0,0.0,0.0,0.0,0.0,0.0,0.0,0.0,0.0,0.0,0.0,0.0,0.0,
2021-01-03,88,0.0,0.0,0.0,0.0,0.0,0.0,0.0,0.0,0.0,0.0,0.0,0.0,0.0,
2021-01-04,92,0.0,0.0,0.0,0.0,0.0,0.0,0.0,0.0,0.0,0.0,0.0,0.0,0.0,
2021-01-05,138,0.0,0.0,0.0,0.0,0.0,0.0,0.0,0.0,0.0,0.0,0.0,0.0,0.0,
2021-01-06,226,0.0,0.0,0.0,0.0,0.0,0.0,0.0,0.0,0.0,0.0,0.0,0.0,0.0,
2021-01-07,187,0.0,0.0,0.0,0.0,0.0,0.0,0.0,0.0,0.0,0.0,0.0,0.0,0.0,
2021-01-08,171,0.0,0.0,0.0,0.0,0.0,0.0,0.0,0.0,0.0,0.0,0.0,0.0,0.0,
2021-01-09,153,0.0,0.0,0.0,0.0,0.0,0.0,0.0,0.0,0.0,0.0,0.0,0.0,0.0,
2021-01-10,111,0.0,0.0,0.0,0.0,0.0,0.0,0.0,0.0,0.0,0.0,0.0,0.0,0.0,
2021-01-11,162,0.0,0.0,0.0,0.0,0.0,0.0,0.0,0.0,0.0,0.0,0.0,0.0,0.0,
2021-01-12,212,0.0,0.0,0.0,0.0,0.0,0.0,0.0,0.0,0.0,0.0,0.0,0.0,0.0,
2021-01-13,194,0.0,0.0,0.0,0.0,0.0,0.0,0.0,0.0,0.0,0.0,0.0,0.0,0.0,
2021-01-14,224,0.0,0.0,0.0,0.0,0.0,0.0,0.0,0.0,0.0,0.0,0.0,0.0,0.0,
2021-01-15,181,0.0,0.0,0.0,0.0,0.0,0.0,0.0,0.0,0.0,0.0,0.0,0.0,0.0,
2021-01-16,408,0.0,0.0,0.0,0.0,0.0,0.0,0.0,0.0,0.0,0.0,0.0,0.0,0.0,
2021-01-17,105,0.0,0.0,0.0,0.0,0.0,0.0,0.0,0.0,0.0,0.0,0.0,0.0,0.0,
2021-01-18,157,0.0,0.0,0.0,0.0,0.0,0.0,0.0,0.0,0.0,0.0,0.0,0.0,0.0,
2021-01-19,133,0.0,0.0,0.0,0.0,0.0,0.0,0.0,0.0,0.0,0.0,0.0,0.0,0.0,
2021-01-20,201,0.0,0.0,0.0,0.0,0.0,0.0,0.0,0.0,0.0,0.0,0.0,0.0,0.0,
2021-01-21,147,0.0,0.0,0.0,0.0,0.0,0.0,0.0,0.0,0.0,0.0,0.0,0.0,0.0,
2021-01-22,196,0.0,0.0,0.0,0.0,0.0,0.0,0.0,0.0,0.0,0.0,0.0,0.0,0.0,
2021-01-23,116,0.0,0.0,0.0,0.0,0.0,0.0,0.0,0.0,0.0,0.0,0.0,0.0,0.0,
2021-01-24,98,0.0,0.0,0.0,0.0,0.0,0.0,0.0,0.0,0.0,0.0,0.0,0.0,0.0,
2021-01-25,210,0.0,0.0,0.0,0.0,0.0,0.0,0.0,0.0,0.0,0.0,0.0,0.0,0.0,
2021-01-26,142,0.0,0.0,0.0,0.0,0.0,0.0,0.0,0.0,0.0,0.0,0.0,0.0,0.0,
2021-01-27,188,0.0,0.0,0.0,0.0,0.0,0.0,0.0,0.0,0.0,0.0,0.0,0.0,0.0,
2021-01-28,316,0.0,0.0,0.0,0.0,0.0,0.0,0.0,0.0,0.0,0.0,0.0,0.0,0.0,
2021-01-29,206,0.0,0.0,0.0,0.0,0.0,0.0,0.0,0.0,0.0,0.0,0.0,0.0,0.0,
2021-01-30,134,0.0,0.0,0.0,0.0,0.0,0.0,0.0,0.0,0.0,0.0,0.0,0.0,0.0,
2021-01-31,76,0.0,0.0,0.0,0.0,0.0,0.0,0.0,0.0,0.0,0.0,0.0,0.0,0.0,
2021-02-01,81,0.0,0.0,0.0,0.0,0.0,0.0,0.0,0.0,0.0,0.0,0.0,0.0,0.0,
2021-02-02,204,0.0,0.0,0.0,0.0,0.0,0.0,0.0,0.0,0.0,0.0,0.0,0.0,0.0,
2021-02-03,141,0.0,0.0,0.0,0.0,0.0,0.0,0.0,0.0,0.0,0.0,0.0,0.0,0.0,
2021-02-04,134,0.0,0.0,0.0,0.0,0.0,0.0,0.0,0.0,0.0,0.0,0.0,0.0,0.0,
2021-02-05,155,0.0,0.0,0.0,0.0,0.0,0.0,0.0,0.0,0.0,0.0,0.0,0.0,0.0,
2021-02-06,134,0.0,0.0,0.0,0.0,0.0,0.0,0.0,0.0,0.0,0.0,0.0,0.0,0.0,
2021-02-07,125,0.0,0.0,0.0,0.0,0.0,0.0,0.0,0.0,0.0,0.0,0.0,0.0,0.0,
2021-02-08,145,0.0,0.0,0.0,0.0,0.0,0.0,0.0,0.0,0.0,0.0,0.0,0.0,0.0,
2021-02-09,181,0.0,0.0,0.0,0.0,0.0,0.0,0.0,0.0,0.0,0.0,0.0,0.0,0.0,
2021-02-10,219,0.0,0.0,0.0,0.0,0.0,0.0,0.0,0.0,0.0,0.0,0.0,0.0,0.0,
2021-02-11,318,0.0,0.0,0.0,0.0,0.0,0.0,0.0,0.0,0.0,0.0,0.0,0.0,0.0,
2021-02-12,181,0.0,0.0,0.0,0.0,0.0,0.0,0.0,0.0,0.0,0.0,0.0,0.0,0.0,
2021-02-13,165,0.0,0.0,0.0,0.0,0.0,0.0,0.0,0.0,0.0,0.0,0.0,0.0,0.0,
2021-02-14,183,0.0,0.0,0.0,0.0,0.0,0.0,0.0,0.0,0.0,0.0,0.0,0.0,0.0,
2021-02-15,134,0.0,0.0,0.0,0.0,0.0,0.0,0.0,0.0,0.0,0.0,0.0,0.0,0.0,
2021-02-16,194,0.0,0.0,0.0,0.0,0.0,0.0,0.0,0.0,0.0,0.0,0.0,0.0,0.0,
2021-02-17,180,0.0,0.0,0.0,0.0,0.0,0.0,0.0,0.0,0.0,0.0,0.0,0.0,0.0,
2021-02-18,187,0.0,0.0,0.0,0.0,0.0,0.0,0.0,0.0,0.0,0.0,0.0,0.0,0.0,
2021-02-19,184,0.0,0.0,0.0,0.0,0.0,0.0,0.0,0.0,0.0,0.0,0.0,0.0,0.0,
2021-02-20,127,0.0,0.0,0.0,0.0,0.0,0.0,0.0,0.0,0.0,0.0,0.0,0.0,0.0,
2021-02-21,135,0.0,0.0,0.0,0.0,0.0,0.0,0.0,0.0,0.0,0.0,0.0,0.0,0.0,
2021-02-22,202,0.0,0.0,0.0,0.0,0.0,0.0,0.0,0.0,0.0,0.0,0.0,0.0,0.0,
2021-02-23,90,0.0,0.0,0.0,0.0,0.0,0.0,0.0,0.0,0.0,0.0,0.0,0.0,0.0,
2021-02-24,156,0.0,0.0,0.0,0.0,0.0,0.0,0.0,0.0,0.0,0.0,0.0,0.0,0.0,
2021-02-25,214,0.0,0.0,0.0,0.0,0.0,0.0,0.0,0.0,0.0,0.0,0.0,0.0,0.0,
2021-02-26,190,0.0,0.0,0.0,0.0,0.0,0.0,0.0,0.0,0.0,0.0,0.0,0.0,0.0,
2021-02-27,154,0.0,0.0,0.0,0.0,0.0,0.0,0.0,0.0,0.0,0.0,0.0,0.0,0.0,
2021-02-28,94,0.0,0.0,0.0,0.0,0.0,0.0,0.0,0.0,0.0,0.0,0.0,0.0,0.0,
2021-03-01,116,0.03333333333333333,0.0,0.0,0.016666666666666666,0.03333333333333333,0.0,0.0,0.0020833333333333333,0.0,0.0,0.00031446540880503143,0.0008130081300813008,0.0,0.0
2021-03-02,141,0.03333333333333333,0.0,0.0,0.016666666666666666,0.03333333333333333,0.0,0.0,0.0020833333333333333,0.0,0.0,0.00031446540880503143,0.0008130081300813008,0.0,0.0
2021-03-03,202,0.03333333333333333,0.0,0.0,0.016666666666666666,0.03333333333333333,0.0,0.0,0.0020833333333333333,0.0,0.0,0.00031446540880503143,0.0008130081300813008,0.0,0.0
2021-03-04,134,0.03333333333333333,0.0,0.0,0.016666666666666666,0.03333333333333333,0.0,0.0,0.0020833333333333333,0.0,0.0,0.00031446540880503143,0.0008130081300813008,0.0,0.0
2021-03-05,167,0.03333333333333333,0.0,0.0,0.016666666666666666,0.03333333333333333,0.016666666666666666,0.0,0.0020833333333333333,0.0,0.0,0.00031446540880503143,0.0008130081300813008,0.008333333333333333,0.0
2021-03-06,240,0.03333333333333333,0.0,0.0,0.016666666666666666,0.03333333333333333,0.016666666666666666,0.0,0.0020833333333333333,0.0,0.0,0.00031446540880503143,0.0008130081300813008,0.008333333333333333,0.0
2021-03-07,108,0.05,0.0,0.0,0.016666666666666666,0.03333333333333333,0.016666666666666666,0.0,0.003935185185185185,0.0,0.0,0.00031446540880503143,0.0008130081300813008,0.008333333333333333,0.0
2021-03-08,166,0.05,0.0,0.0,0.016666666666666666,0.03333333333333333,0.016666666666666666,0.0,0.003935185185185185,0.0,0.0,0.00031446540880503143,0.0008130081300813008,0.008333333333333333,0.0
2021-03-09,146,0.05,0.0,0.0,0.016666666666666666,0.03333333333333333,0.016666666666666666,0.0,0.003935185185185185,0.0,0.0,0.00031446540880503143,0.0008130081300813008,0.008333333333333333,0.0
2021-03-10,179,0.05,0.0,0.0,0.016666666666666666,0.03333333333333333,0.016666666666666666,0.0,0.003935185185185185,0.0,0.0,0.00031446540880503143,0.0008130081300813008,0.008333333333333333,0.0
2021-03-11,250,0.05,0.0,0.0,0.03333333333333333,0.03333333333333333,0.016666666666666666,0.0,0.003935185185185185,0.0,0.0,0.0005177174413253567,0.0008130081300813008,0.008333333333333333,0.0
2021-03-12,133,0.05,0.0,0.0,0.03333333333333333,0.03333333333333333,0.016666666666666666,0.0,0.003935185185185185,0.0,0.0,0.0005177174413253567,0.0008130081300813008,0.008333333333333333,0.0
2021-03-13,148,0.016666666666666666,0.0,0.0,0.03333333333333333,0.03333333333333333,0.016666666666666666,0.0,0.0018518518518518517,0.0,0.0,0.0005177174413253567,0.0008130081300813008,0.008333333333333333,0.0
2021-03-14,110,0.016666666666666666,0.0,0.0,0.03333333333333333,0.03333333333333333,0.016666666666666666,0.0,0.0018518518518518517,0.0,0.0,0.0005177174413253567,0.0008130081300813008,0.008333333333333333,0.0
2021-03-15,85,0.016666666666666666,0.0,0.0,0.03333333333333333,0.03333333333333333,0.016666666666666666,0.0,0.0018518518518518517,0.0,0.0,0.0005177174413253567,0.0008130081300813008,0.008333333333333333,0.0
2021-03-16,167,0.016666666666666666,0.0,0.0,0.03333333333333333,0.03333333333333333,0.016666666666666666,0.0,0.0018518518518518517,0.0,0.0,0.0005177174413253567,0.0008130081300813008,0.008333333333333333,0.0
2021-03-17,168,0.016666666666666666,0.0,0.0,0.03333333333333333,0.03333333333333333,0.016666666666666666,0.0,0.0018518518518518517,0.0,0.0,0.0005177174413253567,0.0008130081300813008,0.008333333333333333,0.0
2021-03-18,169,0.016666666666666666,0.0,0.0,0.03333333333333333,0.03333333333333333,0.016666666666666666,0.0,0.0018518518518518517,0.0,0.0,0.0005177174413253567,0.0006842818428184281,0.008333333333333333,0.0
2021-03-19,143,0.016666666666666666,0.0,0.0,0.03333333333333333,0.03333333333333333,0.016666666666666666,0.0,0.0018518518518518517,0.0,0.0,0.0005177174413253567,0.0006842818428184281,0.008333333333333333,0.0
2021-03-20,186,0.016666666666666666,0.0,0.0,0.03333333333333333,0.03333333333333333,0.016666666666666666,0.016666666666666666,0.0018518518518518517,0.0,0.0,0.0005177174413253567,0.0006842818428184281,0.008333333333333333,0.0013888888888888887
2021-03-21,143,0.016666666666666666,0.0,0.0,0.03333333333333333,0.03333333333333333,0.016666666666666666,0.016666666666666666,0.0018518518518518517,0.0,0.0,0.0005177174413253567,0.0006842818428184281,0.008333333333333333,0.0013888888888888887
2021-03-22,164,0.016666666666666666,0.0,0.016666666666666666,0.03333333333333333,0.03333333333333333,0.016666666666666666,0.016666666666666666,0.0018518518518518517,0.0,0.0023809523809523807,0.0005177174413253567,0.0006842818428184281,0.008333333333333333,0.0013888888888888887
2021-03-23,193,0.016666666666666666,0.0,0.016666666666666666,0.03333333333333333,0.03333333333333333,0.016666666666666666,0.016666666666666666,0.0018518518518518517,0.0,0.0023809523809523807,0.0005177174413253567,0.0006842818428184281,0.008333333333333333,0.0013888888888888887
2021-03-24,203,0.016666666666666666,0.0,0.016666666666666666,0.03333333333333333,0.03333333333333333,0.016666666666666666,0.016666666666666666,0.0018518518518518517,0.0,0.0023809523809523807,0.0005177174413253567,0.0006842818428184281,0.008333333333333333,0.0013888888888888887
2021-03-25,283,0.016666666666666666,0.0,0.016666666666666666,0.05,0.03333333333333333,0.016666666666666666,0.016666666666666666,0.0018518518518518517,0.0,0.0023809523809523807,0.0007429426665505819,0.0006842818428184281,0.008333333333333333,0.0013888888888888887
2021-03-26,141,0.016666666666666666,0.0,0.016666666666666666,0.05,0.03333333333333333,0.016666666666666666,0.016666666666666666,0.0018518518518518517,0.0,0.0023809523809523807,0.0007429426665505819,0.0006842818428184281,0.008333333333333333,0.0013888888888888887
2021-03-27,132,0.016666666666666666,0.0,0.016666666666666666,0.05,0.03333333333333333,0.016666666666666666,0.016666666666666666,0.0018518518518518517,0.0,0.0023809523809523807,0.0007429426665505819,0.0006842818428184281,0.008333333333333333,0.0013888888888888887
2021-03-28,130,0.016666666666666666,0.0,0.016666666666666666,0.05,0.03333333333333333,0.016666666666666666,0.016666666666666666,0.0018518518518518517,0.0,0.0023809523809523807,0.0007429426665505819,0.0006842818428184281,0.008333333333333333,0.0013888888888888887
2021-03-29,152,0.016666666666666666,0.0,0.016666666666666666,0.05,0.03333333333333333,0.016666666666666666,0.016666666666666666,0.0018518518518518517,0.0,0.0023809523809523807,0.0007429426665505819,0.0006842818428184281,0.008333333333333333,0.0013888888888888887
2021-03-30,78,0.016666666666666666,0.0,0.016666666666666666,0.05,0.03333333333333333,0.016666666666666666,0.016666666666666666,0.0018518518518518517,0.0,0.0023809523809523807,0.0007429426665505819,0.0006842818428184281,0.008333333333333333,0.0013888888888888887
2021-03-31,116,0.016666666666666666,0.0,0.016666666666666666,0.05,0.03333333333333333,0.016666666666666666,0.016666666666666666,0.0018518518518518517,0.0,0.0023809523809523807,0.0007429426665505819,0.0006842818428184281,0.008333333333333333,0.0013888888888888887
2021-04-01,111,0.016666666666666666,0.0,0.016666666666666666,0.05,0.016666666666666666,0.016666666666666666,0.016666666666666666,0.0018518518518518517,0.0,0.0023809523809523807,0.0007429426665505819,0.0002777777777777777,0.008333333333333333,0.0013888888888888887
2021-04-02,92,0.016666666666666666,0.0,0.016666666666666666,0.05,0.016666666666666666,0.016666666666666666,0.016666666666666666,0.0018518518518518517,0.0,0.0023809523809523807,0.0007429426665505819,0.0002777777777777777,0.008333333333333333,0.0013888888888888887
2021-04-03,80,0.016666666666666666,0.0,0.016666666666666666,0.05,0.016666666666666666,0.016666666666666666,0.016666666666666666,0.0018518518518518517,0.0,0.0023809523809523807,0.0007429426665505819,0.0002777777777777777,0.008333333333333333,0.0013888888888888887
2021-04-04,62,0.016666666666666666,0.0,0.016666666666666666,0.05,0.016666666666666666,0.016666666666666666,0.016666666666666666,0.0018518518518518517,0.0,0.0023809523809523807,0.0007429426665505819,0.0002777777777777777,0.008333333333333333,0.0013888888888888887
2021-04-05,135,0.016666666666666666,0.0,0.016666666666666666,0.05,0.016666666666666666,0.016666666666666666,0.016666666666666666,0.0018518518518518517,0.0,0.0023809523809523807,0.0007429426665505819,0.0002777777777777777,0.008333333333333333,0.0013888888888888887
2021-04-06,81,0.016666666666666666,0.0,0.016666666666666666,0.05,0.016666666666666666,0.016666666666666666,0.016666666666666666,0.0018518518518518517,0.0,0.0023809523809523807,0.0007429426665505819,0.0002777777777777777,0.008333333333333333,0.0013888888888888887
2021-04-07,140,0.016666666666666666,0.0,0.016666666666666666,0.05,0.016666666666666666,0.016666666666666666,0.03333333333333333,0.0018518518518518517,0.0,0.0023809523809523807,0.0007429426665505819,0.0002777777777777777,0.008333333333333333,0.00202991452991453
2021-04-08,134,0.016666666666666666,0.0,0.016666666666666666,0.05,0.016666666666666666,0.016666666666666666,0.03333333333333333,0.0018518518518518517,0.0,0.0023809523809523807,0.0007429426665505819,0.0002777777777777777,0.008333333333333333,0.00202991452991453
2021-04-09,86,0.016666666666666666,0.0,0.016666666666666666,0.05,0.016666666666666666,0.016666666666666666,0.03333333333333333,0.0018518518518518517,0.0,0.0023809523809523807,0.0007429426665505819,0.0002777777777777777,0.008333333333333333,0.00202991452991453
2021-04-10,118,0.016666666666666666,0.0,0.016666666666666666,0.05,0.016666666666666666,0.016666666666666666,0.03333333333333333,0.0018518518518518517,0.0,0.0023809523809523807,0.0007429426665505819,0.0002777777777777777,0.008333333333333333,0.00202991452991453
2021-04-11,94,0.016666666666666666,0.0,0.016666666666666666,0.05,0.016666666666666666,0.016666666666666666,0.03333333333333333,0.0018518518518518517,0.0,0.0023809523809523807,0.0007429426665505819,0.0002777777777777777,0.008333333333333333,0.00202991452991453
2021-04-12,156,0.016666666666666666,0.0,0.016666666666666666,0.05,0.016666666666666666,0.016666666666666666,0.03333333333333333,0.0018518518518518517,0.0,0.0023809523809523807,0.0007429426665505819,0.0002777777777777777,0.008333333333333333,0.00202991452991453
2021-04-13,162,0.016666666666666666,0.0,0.016666666666666666,0.05,0.016666666666666666,0.016666666666666666,0.03333333333333333,0.0018518518518518517,0.0,0.0023809523809523807,0.0007429426665505819,0.0002777777777777777,0.008333333333333333,0.00202991452991453
2021-04-14,209,0.016666666666666666,0.0,0.016666666666666666,0.05,0.016666666666666666,0.016666666666666666,0.03333333333333333,0.0018518518518518517,0.0,0.0023809523809523807,0.0007429426665505819,0.0002777777777777777,0.008333333333333333,0.00202991452991453
2021-04-15,273,0.016666666666666666,0.0,0.016666666666666666,0.05,0.016666666666666666,0.016666666666666666,0.03333333333333333,0.0018518518518518517,0.0,0.0023809523809523807,0.0007429426665505819,0.0002777777777777777,0.008333333333333333,0.00202991452991453
2021-04-16,198,0.016666666666666666,0.0,0.016666666666666666,0.05,0.016666666666666666,0.016666666666666666,0.03333333333333333,0.0018518518518518517,0.0,0.0023809523809523807,0.0007429426665505819,0.0002777777777777777,0.008333333333333333,0.00202991452991453
2021-04-17,111,0.016666666666666666,0.0,0.016666666666666666,0.05,0.016666666666666666,0.016666666666666666,0.03333333333333333,0.0018518518518518517,0.0,0.0023809523809523807,0.0007429426665505819,0.0002777777777777777,0.008333333333333333,0.00202991452991453
2021-04-18,123,0.016666666666666666,0.0,0.016666666666666666,0.03333333333333333,0.016666666666666666,0.016666666666666666,0.03333333333333333,0.0018518518518518517,0.0,0.0023809523809523807,0.00042847725774555046,0.0002777777777777777,0.008333333333333333,0.00202991452991453
2021-04-19,239,0.016666666666666666,0.0,0.016666666666666666,0.03333333333333333,0.016666666666666666,0.016666666666666666,0.03333333333333333,0.0018518518518518517,0.0,0.0023809523809523807,0.00042847725774555046,0.0002777777777777777,0.008333333333333333,0.00202991452991453
2021-04-20,151,0.016666666666666666,0.0,0.016666666666666666,0.03333333333333333,0.016666666666666666,0.016666666666666666,0.03333333333333333,0.0018518518518518517,0.0,0.0023809523809523807,0.00042847725774555046,0.0002777777777777777,0.008333333333333333,0.00202991452991453
2021-04-21,219,0.016666666666666666,0.0,0.016666666666666666,0.05,0.016666666666666666,0.016666666666666666,0.03333333333333333,0.0018518518518518517,0.0,0.0023809523809523807,0.0008349813227862009,0.0002777777777777777,0.008333333333333333,0.00202991452991453
2021-04-22,223,0.016666666666666666,0.0,0.016666666666666666,0.05,0.016666666666666666,0.016666666666666666,0.03333333333333333,0.0018518518518518517,0.0,0.0023809523809523807,0.0008349813227862009,0.0002777777777777777,0.008333333333333333,0.00202991452991453
2021-04-23,166,0.016666666666666666,0.0,0.03333333333333333,0.05,0.016666666666666666,0.016666666666666666,0.03333333333333333,0.0018518518518518517,0.0,0.0031746031746031746,0.0008349813227862009,0.0002777777777777777,0.008333333333333333,0.00202991452991453
2021-04-24,248,0.016666666666666666,0.0,0.03333333333333333,0.05,0.016666666666666666,0.016666666666666666,0.03333333333333333,0.0018518518518518517,0.0,0.0031746031746031746,0.0008349813227862009,0.0002777777777777777,0.008333333333333333,0.00202991452991453
2021-04-25,150,0.016666666666666666,0.0,0.03333333333333333,0.05,0.016666666666666666,0.016666666666666666,0.03333333333333333,0.0018518518518518517,0.0,0.0031746031746031746,0.0008349813227862009,0.0002777777777777777,0.008333333333333333,0.00202991452991453
2021-04-26,157,0.016666666666666666,0.0,0.03333333333333333,0.05,0.016666666666666666,0.016666666666666666,0.03333333333333333,0.0018518518518518517,0.0,0.0031746031746031746,0.0008349813227862009,0.0002777777777777777,0.008333333333333333,0.00202991452991453
2021-04-27,127,0.016666666666666666,0.0,0.03333333333333333,0.05,0.016666666666666666,0.016666666666666666,0.03333333333333333,0.0018518518518518517,0.0,0.0031746031746031746,0.0008349813227862009,0.0002777777777777777,0.008333333333333333,0.00202991452991453
2021-04-28,160,0.016666666666666666,0.0,0.03333333333333333,0.05,0.016666666666666666,0.016666666666666666,0.03333333333333333,0.0018518518518518517,0.0,0.0031746031746031746,0.0008349813227862009,0.0002777777777777777,0.008333333333333333,0.00202991452991453
2021-04-29,151,0.016666666666666666,0.0,0.03333333333333333,0.05,0.016666666666666666,0.016666666666666666,0.03333333333333333,0.0018518518518518517,0.0,0.0031746031746031746,0.0008349813227862009,0.0002777777777777777,0.008333333333333333,0.00202991452991453
2021-04-30,121,0.016666666666666666,0.0,0.03333333333333333,0.05,0.016666666666666666,0.016666666666666666,0.03333333333333333,0.0018518518518518517,0.0,0.0031746031746031746,0.0008349813227862009,0.0002777777777777777,0.008333333333333333,0.00202991452991453
2021-05-01,275,0.016666666666666666,0.0,0.03333333333333333,0.05,0.016666666666666666,0.016666666666666666,0.03333333333333333,0.0018518518518518517,0.0,0.0031746031746031746,0.0008349813227862009,0.0002777777777777777,0.008333333333333333,0.00202991452991453
2021-05-02,130,0.016666666666666666,0.0,0.03333333333333333,0.05,0.016666666666666666,0.016666666666666666,0.03333333333333333,0.0018518518518518517,0.0,0.0031746031746031746,0.0008349813227862009,0.0002777777777777777,0.008333333333333333,0.00202991452991453
2021-05-03,193,0.016666666666666666,0.0,0.03333333333333333,0.05,0.016666666666666666,0.016666666666666666,0.03333333333333333,0.0018518518518518517,0.0,0.0031746031746031746,0.0008349813227862009,0.0002777777777777777,0.008333333333333333,0.00202991452991453
2021-05-04,127,0.016666666666666666,0.0,0.03333333333333333,0.05,0.016666666666666666,0.0,0.03333333333333333,0.0018518518518518517,0.0,0.0031746031746031746,0.0008349813227862009,0.0002777777777777777,0.0,0.00202991452991453
2021-05-05,170,0.016666666666666666,0.0,0.03333333333333333,0.06666666666666667,0.016666666666666666,0.0,0.03333333333333333,0.0018518518518518517,0.0,0.0031746031746031746,0.0011127591005639786,0.0002777777777777777,0.0,0.00202991452991453
2021-05-06,233,0.0,0.0,0.03333333333333333,0.06666666666666667,0.03333333333333333,0.0,0.03333333333333333,0.0,0.0,0.0031746031746031746,0.0011127591005639786,0.00042270531400966175,0.0,0.00202991452991453
2021-05-07,186,0.0,0.0,0.03333333333333333,0.06666666666666667,0.05,0.0,0.03333333333333333,0.0,0.0,0.0031746031746031746,0.0011127591005639786,0.0007628413684314304,0.0,0.00202991452991453
2021-05-08,119,0.0,0.0,0.03333333333333333,0.06666666666666667,0.05,0.0,0.03333333333333333,0.0,0.0,0.0031746031746031746,0.0011127591005639786,0.0007628413684314304,0.0,0.00202991452991453
2021-05-09,96,0.0,0.0,0.03333333333333333,0.06666666666666667,0.05,0.0,0.03333333333333333,0.0,0.0,0.0031746031746031746,0.0011127591005639786,0.0007628413684314304,0.0,0.00202991452991453
2021-05-10,91,0.0,0.0,0.03333333333333333,0.05,0.05,0.0,0.03333333333333333,0.0,0.0,0.0031746031746031746,0.0009095070680436534,0.0007628413684314304,0.0,0.00202991452991453
2021-05-11,145,0.0,0.0,0.03333333333333333,0.05,0.05,0.0,0.03333333333333333,0.0,0.0,0.0031746031746031746,0.0009095070680436534,0.0007628413684314304,0.0,0.00202991452991453
2021-05-12,106,0.0,0.0,0.03333333333333333,0.05,0.05,0.0,0.03333333333333333,0.0,0.0,0.0031746031746031746,0.0009095070680436534,0.0007628413684314304,0.0,0.00202991452991453
2021-05-13,97,0.0,0.0,0.03333333333333333,0.05,0.05,0.0,0.03333333333333333,0.0,0.0,0.0031746031746031746,0.0009095070680436534,0.0007628413684314304,0.0,0.00202991452991453
2021-05-14,127,0.0,0.0,0.03333333333333333,0.05,0.05,0.0,0.03333333333333333,0.0,0.0,0.0031746031746031746,0.0009095070680436534,0.0007628413684314304,0.0,0.00202991452991453
2021-05-15,77,0.0,0.0,0.03333333333333333,0.05,0.05,0.0,0.03333333333333333,0.0,0.0,0.0031746031746031746,0.0009095070680436534,0.0007628413684314304,0.0,0.00202991452991453
2021-05-16,91,0.0,0.0,0.03333333333333333,0.05,0.05,0.0,0.03333333333333333,0.0,0.0,0.0031746031746031746,0.0009095070680436534,0.0007628413684314304,0.0,0.00202991452991453
2021-05-17,157,0.0,0.0,0.03333333333333333,0.05,0.05,0.0,0.03333333333333333,0.0,0.0,0.0031746031746031746,0.0009095070680436534,0.000707285812875875,0.0,0.00202991452991453
2021-05-18,118,0.0,0.0,0.03333333333333333,0.05,0.05,0.0,0.03333333333333333,0.0,0.0,0.0031746031746031746,0.0009095070680436534,0.000707285812875875,0.0,0.00202991452991453
2021-05-19,161,0.0,0.0,0.03333333333333333,0.05,0.06666666666666667,0.0,0.016666666666666666,0.0,0.0,0.0031746031746031746,0.0009095070680436534,0.0009560420317813477,0.0,0.000641025641025641
2021-05-20,189,0.0,0.0,0.03333333333333333,0.06666666666666667,0.06666666666666667,0.0,0.016666666666666666,0.0,0.0,0.0031746031746031746,0.0012798774384140238,0.0009560420317813477,0.0,0.000641025641025641
2021-05-21,107,0.0,0.0,0.016666666666666666,0.06666666666666667,0.06666666666666667,0.0,0.016666666666666666,0.0,0.0,0.0007936507936507937,0.0012798774384140238,0.0009560420317813477,0.0,0.000641025641025641
2021-05-22,165,0.0,0.0,0.016666666666666666,0.06666666666666667,0.06666666666666667,0.0,0.016666666666666666,0.0,0.0,0.0007936507936507937,0.0012798774384140238,0.0009560420317813477,0.0,0.000641025641025641
2021-05-23,91,0.0,0.0,0.016666666666666666,0.06666666666666667,0.06666666666666667,0.0,0.016666666666666666,0.0,0.0,0.0007936507936507937,0.0012798774384140238,0.0009560420317813477,0.0,0.000641025641025641
2021-05-24,85,0.0,0.0,0.016666666666666666,0.05,0.06666666666666667,0.0,0.016666666666666666,0.0,0.0,0.0007936507936507937,0.0010546522131887988,0.0009560420317813477,0.0,0.000641025641025641
2021-05-25,107,0.0,0.0,0.016666666666666666,0.05,0.06666666666666667,0.0,0.016666666666666666,0.0,0.0,0.0007936507936507937,0.0010546522131887988,0.0009560420317813477,0.0,0.000641025641025641
2021-05-26,137,0.0,0.0,0.016666666666666666,0.05,0.06666666666666667,0.0,0.016666666666666666,0.0,0.0,0.0007936507936507937,0.0010546522131887988,0.0009560420317813477,0.0,0.000641025641025641
2021-05-27,119,0.0,0.0,0.016666666666666666,0.06666666666666667,0.06666666666666667,0.0,0.016666666666666666,0.0,0.0,0.0007936507936507937,0.0014018744354110208,0.0009560420317813477,0.0,0.000641025641025641
2021-05-28,115,0.0,0.0,0.016666666666666666,0.06666666666666667,0.06666666666666667,0.0,0.016666666666666666,0.0,0.0,0.0007936507936507937,0.0014018744354110208,0.0009560420317813477,0.0,0.000641025641025641
2021-05-29,98,0.0,0.0,0.016666666666666666,0.06666666666666667,0.06666666666666667,0.0,0.016666666666666666,0.0,0.0,0.0007936507936507937,0.0014018744354110208,0.0009560420317813477,0.0,0.000641025641025641
2021-05-30,63,0.0,0.0,0.016666666666666666,0.06666666666666667,0.06666666666666667,0.0,0.016666666666666666,0.0,0.0,0.0007936507936507937,0.0014018744354110208,0.0009560420317813477,0.0,0.000641025641025641
2021-05-31,133,0.0,0.0,0.016666666666666666,0.06666666666666667,0.06666666666666667,0.0,0.016666666666666666,0.0,0.0,0.0007936507936507937,0.0014018744354110208,0.0009560420317813477,0.0,0.000641025641025641
2021-06-01,157,0.0,0.0,0.016666666666666666,0.06666666666666667,0.06666666666666667,0.0,0.016666666666666666,0.0,0.0,0.0007936507936507937,0.0014018744354110208,0.0009560420317813477,0.0,0.000641025641025641
2021-06-02,132,0.0,0.0,0.016666666666666666,0.06666666666666667,0.06666666666666667,0.0,0.016666666666666666,0.0,0.0,0.0007936507936507937,0.0014018744354110208,0.0009560420317813477,0.0,0.000641025641025641
2021-06-03,185,0.0,0.0,0.016666666666666666,0.06666666666666667,0.06666666666666667,0.0,0.016666666666666666,0.0,0.0,0.0007936507936507937,0.0014018744354110208,0.0009560420317813477,0.0,0.000641025641025641
2021-06-04,98,0.016666666666666666,0.0,0.016666666666666666,0.06666666666666667,0.06666666666666667,0.0,0.016666666666666666,0.0011111111111111111,0.0,0.0007936507936507937,0.0014018744354110208,0.0009560420317813477,0.0,0.000641025641025641
2021-06-05,130,0.016666666666666666,0.0,0.016666666666666666,0.06666666666666667,0.06666666666666667,0.0,0.016666666666666666,0.0011111111111111111,0.0,0.0007936507936507937,0.0014018744354110208,0.0009560420317813477,0.0,0.000641025641025641
2021-06-06,97,0.016666666666666666,0.0,0.016666666666666666,0.06666666666666667,0.06666666666666667,0.0,0.0,0.0011111111111111111,0.0,0.0007936507936507937,0.0014018744354110208,0.0009560420317813477,0.0,0.0
2021-06-07,134,0.016666666666666666,0.0,0.016666666666666666,0.06666666666666667,0.06666666666666667,0.0,0.0,0.0011111111111111111,0.0,0.0007936507936507937,0.0014018744354110208,0.0009560420317813477,0.0,0.0
2021-06-08,136,0.016666666666666666,0.0,0.016666666666666666,0.06666666666666667,0.06666666666666667,0.0,0.0,0.0011111111111111111,0.0,0.0007936507936507937,0.0014018744354110208,0.0009560420317813477,0.0,0.0
2021-06-09,112,0.016666666666666666,0.0,0.016666666666666666,0.06666666666666667,0.06666666666666667,0.0,0.0,0.0011111111111111111,0.0,0.0007936507936507937,0.0014018744354110208,0.0009560420317813477,0.0,0.0
2021-06-10,173,0.016666666666666666,0.0,0.016666666666666666,0.06666666666666667,0.06666666666666667,0.0,0.0,0.0011111111111111111,0.0,0.0007936507936507937,0.0014018744354110208,0.0009560420317813477,0.0,0.0
2021-06-11,134,0.016666666666666666,0.0,0.016666666666666666,0.06666666666666667,0.06666666666666667,0.0,0.0,0.0011111111111111111,0.0,0.0007936507936507937,0.0014018744354110208,0.0009560420317813477,0.0,0.0
2021-06-12,124,0.016666666666666666,0.0,0.016666666666666666,0.06666666666666667,0.06666666666666667,0.0,0.0,0.0011111111111111111,0.0,0.0007936507936507937,0.0014018744354110208,0.0009560420317813477,0.0,0.0
2021-06-13,83,0.016666666666666666,0.0,0.016666666666666666,0.06666666666666667,0.06666666666666667,0.0,0.0,0.0011111111111111111,0.0,0.0007936507936507937,0.0014018744354110208,0.0009560420317813477,0.0,0.0
2021-06-14,140,0.016666666666666666,0.0,0.016666666666666666,0.06666666666666667,0.06666666666666667,0.0,0.0,0.0011111111111111111,0.0,0.0007936507936507937,0.0014018744354110208,0.0009560420317813477,0.0,0.0
2021-06-15,122,0.016666666666666666,0.0,0.016666666666666666,0.08333333333333333,0.06666666666666667,0.0,0.0,0.0011111111111111111,0.0,0.0007936507936507937,0.0018920705138423936,0.0009560420317813477,0.0,0.0
2021-06-16,228,0.016666666666666666,0.0,0.016666666666666666,0.08333333333333333,0.06666666666666667,0.0,0.0,0.0011111111111111111,0.0,0.0007936507936507937,0.0018920705138423936,0.0009560420317813477,0.0,0.0
2021-06-17,266,0.016666666666666666,0.0,0.016666666666666666,0.08333333333333333,0.06666666666666667,0.0,0.0,0.0011111111111111111,0.0,0.0007936507936507937,0.0018920705138423936,0.0009560420317813477,0.0,0.0
2021-06-18,188,0.016666666666666666,0.0,0.016666666666666666,0.08333333333333333,0.06666666666666667,0.0,0.0,0.0011111111111111111,0.0,0.0007936507936507937,0.0018920705138423936,0.0009560420317813477,0.0,0.0
2021-06-19,184,0.016666666666666666,0.0,0.016666666666666666,0.08333333333333333,0.06666666666666667,0.0,0.0,0.0011111111111111111,0.0,0.0007936507936507937,0.0018920705138423936,0.0009560420317813477,0.0,0.0
2021-06-20,146,0.016666666666666666,0.0,0.016666666666666666,0.06666666666666667,0.06666666666666667,0.0,0.0,0.0011111111111111111,0.0,0.0007936507936507937,0.0014855664488017432,0.0009560420317813477,0.0,0.0
2021-06-21,128,0.016666666666666666,0.0,0.016666666666666666,0.06666666666666667,0.06666666666666667,0.0,0.0,0.0011111111111111111,0.0,0.0007936507936507937,0.0014855664488017432,0.0009560420317813477,0.0,0.0
2021-06-22,103,0.016666666666666666,0.0,0.0,0.08333333333333333,0.06666666666666667,0.0,0.0,0.0011111111111111111,0.0,0.0,0.0019129168761521703,0.0009560420317813477,0.0,0.0
2021-06-23,137,0.016666666666666666,0.0,0.0,0.08333333333333333,0.06666666666666667,0.0,0.016666666666666666,0.0011111111111111111,0.0,0.0,0.0019129168761521703,0.0009560420317813477,0.0,0.0013888888888888887
2021-06-24,80,0.016666666666666666,0.0,0.0,0.08333333333333333,0.06666666666666667,0.0,0.016666666666666666,0.0011111111111111111,0.0,0.0,0.0019129168761521703,0.0009560420317813477,0.0,0.0013888888888888887
2021-06-25,102,0.016666666666666666,0.0,0.0,0.08333333333333333,0.06666666666666667,0.0,0.016666666666666666,0.0011111111111111111,0.0,0.0,0.0019129168761521703,0.0009560420317813477,0.0,0.0013888888888888887
2021-06-26,80,0.016666666666666666,0.0,0.0,0.08333333333333333,0.06666666666666667,0.0,0.016666666666666666,0.0011111111111111111,0.0,0.0,0.0019129168761521703,0.0009560420317813477,0.0,0.0013888888888888887
2021-06-27,54,0.016666666666666666,0.0,0.0,0.08333333333333333,0.06666666666666667,0.0,0.016666666666666666,0.0011111111111111111,0.0,0.0,0.0019129168761521703,0.0009560420317813477,0.0,0.0013888888888888887
2021-06-28,106,0.016666666666666666,0.0,0.0,0.08333333333333333,0.06666666666666667,0.0,0.016666666666666666,0.0011111111111111111,0.0,0.0,0.0019129168761521703,0.0009560420317813477,0.0,0.0013888888888888887
2021-06-29,89,0.016666666666666666,0.0,0.0,0.08333333333333333,0.06666666666666667,0.0,0.016666666666666666,0.0011111111111111111,0.0,0.0,0.0019129168761521703,0.0009560420317813477,0.0,0.0013888888888888887
2021-06-30,111,0.016666666666666666,0.0,0.0,0.08333333333333333,0.06666666666666667,0.0,0.016666666666666666,0.0011111111111111111,0.0,0.0,0.0019129168761521703,0.0009560420317813477,0.0,0.0013888888888888887
2021-07-01,84,0.016666666666666666,0.0,0.0,0.08333333333333333,0.06666666666666667,0.0,0.016666666666666666,0.0011111111111111111,0.0,0.0,0.0019129168761521703,0.0009560420317813477,0.0,0.0013888888888888887
2021-07-02,91,0.016666666666666666,0.0,0.0,0.1,0.06666666666666667,0.0,0.016666666666666666,0.0011111111111111111,0.0,0.0,0.002954583542818837,0.0009560420317813477,0.0,0.0013888888888888887
2021-07-03,73,0.016666666666666666,0.0,0.0,0.1,0.06666666666666667,0.0,0.016666666666666666,0.0011111111111111111,0.0,0.0,0.002954583542818837,0.0009560420317813477,0.0,0.0013888888888888887
2021-07-04,133,0.016666666666666666,0.0,0.0,0.08333333333333333,0.1,0.0,0.016666666666666666,0.0011111111111111111,0.0,0.0,0.0026768057650410596,0.0026227086984480148,0.0,0.0013888888888888887
2021-07-05,113,0.016666666666666666,0.0,0.0,0.08333333333333333,0.08333333333333333,0.0,0.016666666666666666,0.0011111111111111111,0.0,0.0,0.0026768057650410596,0.0024777811622161304,0.0,0.0013888888888888887
2021-07-06,129,0.016666666666666666,0.0,0.0,0.08333333333333333,0.06666666666666667,0.0,0.016666666666666666,0.0011111111111111111,0.0,0.0,0.0026768057650410596,0.002137645107794362,0.0,0.0013888888888888887
2021-07-07,96,0.016666666666666666,0.0,0.0,0.08333333333333333,0.06666666666666667,0.0,0.016666666666666666,0.0011111111111111111,0.0,0.0,0.0026768057650410596,0.002137645107794362,0.0,0.0013888888888888887
2021-07-08,105,0.016666666666666666,0.0,0.0,0.08333333333333333,0.06666666666666667,0.0,0.016666666666666666,0.0011111111111111111,0.0,0.0,0.0026768057650410596,0.002137645107794362,0.0,0.0013888888888888887
2021-07-09,72,0.016666666666666666,0.0,0.0,0.08333333333333333,0.06666666666666667,0.0,0.016666666666666666,0.0011111111111111111,0.0,0.0,0.0026768057650410596,0.002137645107794362,0.0,0.0013888888888888887
2021-07-10,75,0.016666666666666666,0.0,0.0,0.08333333333333333,0.06666666666666667,0.0,0.016666666666666666,0.0011111111111111111,0.0,0.0,0.0026768057650410596,0.002137645107794362,0.0,0.0013888888888888887
2021-07-11,79,0.016666666666666666,0.0,0.0,0.1,0.06666666666666667,0.0,0.016666666666666666,0.0011111111111111111,0.0,0.0,0.0038672819555172497,0.002137645107794362,0.0,0.0013888888888888887
2021-07-12,63,0.016666666666666666,0.0,0.0,0.1,0.06666666666666667,0.0,0.016666666666666666,0.0011111111111111111,0.0,0.0,0.0038672819555172497,0.002137645107794362,0.0,0.0013888888888888887
2021-07-13,58,0.016666666666666666,0.0,0.0,0.1,0.06666666666666667,0.0,0.016666666666666666,0.0011111111111111111,0.0,0.0,0.0038672819555172497,0.002137645107794362,0.0,0.0013888888888888887
2021-07-14,69,0.016666666666666666,0.0,0.0,0.1,0.06666666666666667,0.0,0.016666666666666666,0.0011111111111111111,0.0,0.0,0.0038672819555172497,0.002137645107794362,0.0,0.0013888888888888887
2021-07-15,86,0.016666666666666666,0.0,0.0,0.1,0.06666666666666667,0.0,0.016666666666666666,0.0011111111111111111,0.0,0.0,0.0038672819555172497,0.002137645107794362,0.0,0.0013888888888888887
2021-07-16,92,0.016666666666666666,0.0,0.0,0.11666666666666667,0.05,0.0,0.016666666666666666,0.0011111111111111111,0.0,0.0,0.004462520050755345,0.0019154228855721397,0.0,0.0013888888888888887
2021-07-17,57,0.016666666666666666,0.0,0.0,0.11666666666666667,0.05,0.0,0.016666666666666666,0.0011111111111111111,0.0,0.0,0.004462520050755345,0.0019154228855721397,0.0,0.0013888888888888887
2021-07-18,48,0.016666666666666666,0.0,0.0,0.11666666666666667,0.03333333333333333,0.0,0.016666666666666666,0.0011111111111111111,0.0,0.0,0.004462520050755345,0.001666666666666667,0.0,0.0013888888888888887
2021-07-19,84,0.016666666666666666,0.0,0.0,0.1,0.03333333333333333,0.0,0.016666666666666666,0.0011111111111111111,0.0,0.0,0.004092149680384975,0.001666666666666667,0.0,0.0013888888888888887
2021-07-20,72,0.016666666666666666,0.0,0.0,0.1,0.03333333333333333,0.0,0.016666666666666666,0.0011111111111111111,0.0,0.0,0.004092149680384975,0.001666666666666667,0.0,0.0013888888888888887
2021-07-21,71,0.016666666666666666,0.0,0.0,0.1,0.03333333333333333,0.0,0.016666666666666666,0.0011111111111111111,0.0,0.0,0.004092149680384975,0.001666666666666667,0.0,0.0013888888888888887
2021-07-22,82,0.016666666666666666,0.0,0.0,0.1,0.03333333333333333,0.0,0.016666666666666666,0.0011111111111111111,0.0,0.0,0.004092149680384975,0.001666666666666667,0.0,0.0013888888888888887
2021-07-23,61,0.016666666666666666,0.0,0.0,0.1,0.03333333333333333,0.0,0.016666666666666666,0.0011111111111111111,0.0,0.0,0.004092149680384975,0.001666666666666667,0.0,0.0013888888888888887
2021-07-24,59,0.016666666666666666,0.0,0.0,0.11666666666666667,0.03333333333333333,0.0,0.016666666666666666,0.0011111111111111111,0.0,0.0,0.005481038569273863,0.001666666666666667,0.0,0.0013888888888888887
2021-07-25,48,0.016666666666666666,0.0,0.0,0.11666666666666667,0.03333333333333333,0.0,0.016666666666666666,0.0011111111111111111,0.0,0.0,0.005481038569273863,0.001666666666666667,0.0,0.0013888888888888887
2021-07-26,69,0.016666666666666666,0.0,0.0,0.1,0.03333333333333333,0.0,0.016666666666666666,0.0011111111111111111,0.0,0.0,0.005133816347051641,0.001666666666666667,0.0,0.0013888888888888887
2021-07-27,59,0.016666666666666666,0.0,0.0,0.1,0.03333333333333333,0.0,0.016666666666666666,0.0011111111111111111,0.0,0.0,0.005133816347051641,0.001666666666666667,0.0,0.0013888888888888887
2021-07-28,84,0.016666666666666666,0.0,0.0,0.1,0.03333333333333333,0.0,0.016666666666666666,0.0011111111111111111,0.0,0.0,0.005133816347051641,0.001666666666666667,0.0,0.0013888888888888887
2021-07-29,91,0.016666666666666666,0.0,0.0,0.1,0.03333333333333333,0.0,0.016666666666666666,0.0011111111111111111,0.0,0.0,0.005133816347051641,0.001666666666666667,0.0,0.0013888888888888887
2021-07-30,88,0.016666666666666666,0.0,0.0,0.1,0.03333333333333333,0.0,0.016666666666666666,0.0011111111111111111,0.0,0.0,0.005133816347051641,0.001666666666666667,0.0,0.0013888888888888887
2021-07-31,74,0.016666666666666666,0.0,0.0,0.1,0.03333333333333333,0.0,0.016666666666666666,0.0011111111111111111,0.0,0.0,0.005133816347051641,0.001666666666666667,0.0,0.0013888888888888887
2021-08-01,128,0.016666666666666666,0.0,0.0,0.1,0.03333333333333333,0.0,0.016666666666666666,0.0011111111111111111,0.0,0.0,0.005133816347051641,0.001666666666666667,0.0,0.0013888888888888887
2021-08-02,114,0.016666666666666666,0.0,0.0,0.1,0.03333333333333333,0.0,0.016666666666666666,0.0011111111111111111,0.0,0.0,0.005133816347051641,0.001666666666666667,0.0,0.0013888888888888887
2021-08-03,93,0.0,0.0,0.0,0.1,0.03333333333333333,0.0,0.016666666666666666,0.0,0.0,0.0,0.005133816347051641,0.001666666666666667,0.0,0.0013888888888888887
2021-08-04,91,0.0,0.0,0.0,0.1,0.03333333333333333,0.0,0.016666666666666666,0.0,0.0,0.0,0.005133816347051641,0.001666666666666667,0.0,0.0013888888888888887
2021-08-05,110,0.0,0.0,0.0,0.1,0.03333333333333333,0.0,0.016666666666666666,0.0,0.0,0.0,0.005133816347051641,0.001666666666666667,0.0,0.0013888888888888887
2021-08-06,94,0.0,0.0,0.0,0.1,0.03333333333333333,0.0,0.016666666666666666,0.0,0.0,0.0,0.005133816347051641,0.001666666666666667,0.0,0.0013888888888888887
2021-08-07,122,0.0,0.0,0.0,0.1,0.06666666666666667,0.0,0.016666666666666666,0.0,0.0,0.0,0.005133816347051641,0.0025213675213675217,0.0,0.0013888888888888887
2021-08-08,145,0.0,0.0,0.0,0.1,0.06666666666666667,0.0,0.016666666666666666,0.0,0.0,0.0,0.005133816347051641,0.0025213675213675217,0.0,0.0013888888888888887
2021-08-09,161,0.016666666666666666,0.0,0.0,0.1,0.06666666666666667,0.0,0.016666666666666666,0.0005376344086021505,0.0,0.0,0.005133816347051641,0.0025213675213675217,0.0,0.0013888888888888887
2021-08-10,146,0.016666666666666666,0.0,0.0,0.1,0.06666666666666667,0.0,0.016666666666666666,0.0005376344086021505,0.0,0.0,0.005133816347051641,0.0025213675213675217,0.0,0.0013888888888888887
2021-08-11,151,0.016666666666666666,0.0,0.0,0.1,0.06666666666666667,0.0,0.016666666666666666,0.0005376344086021505,0.0,0.0,0.005133816347051641,0.0025213675213675217,0.0,0.0013888888888888887
2021-08-12,171,0.016666666666666666,0.0,0.0,0.1,0.06666666666666667,0.0,0.016666666666666666,0.0005376344086021505,0.0,0.0,0.005133816347051641,0.0025213675213675217,0.0,0.0013888888888888887
2021-08-13,120,0.016666666666666666,0.0,0.0,0.13333333333333333,0.06666666666666667,0.0,0.016666666666666666,0.0005376344086021505,0.0,0.0,0.005814088455895179,0.0025213675213675217,0.0,0.0013888888888888887
2021-08-14,119,0.016666666666666666,0.0,0.0,0.11666666666666667,0.06666666666666667,0.0,0.016666666666666666,0.0005376344086021505,0.0,0.0,0.005323892377463806,0.0025213675213675217,0.0,0.0013888888888888887
2021-08-15,133,0.016666666666666666,0.0,0.0,0.11666666666666667,0.06666666666666667,0.0,0.016666666666666666,0.0005376344086021505,0.0,0.0,0.005323892377463806,0.0025213675213675217,0.0,0.0013888888888888887
2021-08-16,224,0.016666666666666666,0.0,0.0,0.11666666666666667,0.06666666666666667,0.0,0.016666666666666666,0.0005376344086021505,0.0,0.0,0.005323892377463806,0.0025213675213675217,0.0,0.0013888888888888887
2021-08-17,191,0.016666666666666666,0.0,0.0,0.11666666666666667,0.06666666666666667,0.0,0.016666666666666666,0.0005376344086021505,0.0,0.0,0.005323892377463806,0.0025213675213675217,0.0,0.0013888888888888887
2021-08-18,173,0.016666666666666666,0.0,0.0,0.11666666666666667,0.06666666666666667,0.0,0.016666666666666666,0.0005376344086021505,0.0,0.0,0.005323892377463806,0.0025213675213675217,0.0,0.0013888888888888887
2021-08-19,244,0.016666666666666666,0.0,0.0,0.11666666666666667,0.06666666666666667,0.0,0.016666666666666666,0.0005376344086021505,0.0,0.0,0.005323892377463806,0.0025213675213675217,0.0,0.0013888888888888887
2021-08-20,149,0.016666666666666666,0.0,0.0,0.11666666666666667,0.06666666666666667,0.0,0.016666666666666666,0.0005376344086021505,0.0,0.0,0.005323892377463806,0.0025213675213675217,0.0,0.0013888888888888887
2021-08-21,209,0.016666666666666666,0.0,0.0,0.1,0.06666666666666667,0.0,0.016666666666666666,0.0005376344086021505,0.0,0.0,0.0048965419501133785,0.0025213675213675217,0.0,0.0013888888888888887
2021-08-22,160,0.016666666666666666,0.0,0.0,0.1,0.06666666666666667,0.0,0.0,0.0005376344086021505,0.0,0.0,0.0048965419501133785,0.0025213675213675217,0.0,0.0
2021-08-23,147,0.016666666666666666,0.0,0.0,0.1,0.06666666666666667,0.0,0.0,0.0005376344086021505,0.0,0.0,0.0048965419501133785,0.0025213675213675217,0.0,0.0
2021-08-24,160,0.016666666666666666,0.0,0.0,0.11666666666666667,0.06666666666666667,0.0,0.0,0.0005376344086021505,0.0,0.0,0.005149067202638631,0.0025213675213675217,0.0,0.0
2021-08-25,235,0.016666666666666666,0.0,0.0,0.11666666666666667,0.06666666666666667,0.0,0.0,0.0005376344086021505,0.0,0.0,0.005149067202638631,0.0025213675213675217,0.0,0.0
2021-08-26,190,0.016666666666666666,0.0,0.0,0.11666666666666667,0.08333333333333333,0.0,0.0,0.0005376344086021505,0.0,0.0,0.005149067202638631,0.002715165970979925,0.0,0.0
2021-08-27,161,0.016666666666666666,0.0,0.0,0.11666666666666667,0.08333333333333333,0.0,0.0,0.0005376344086021505,0.0,0.0,0.005149067202638631,0.002715165970979925,0.0,0.0
2021-08-28,136,0.016666666666666666,0.0,0.0,0.11666666666666667,0.08333333333333333,0.0,0.0,0.0005376344086021505,0.0,0.0,0.005149067202638631,0.002715165970979925,0.0,0.0
2021-08-29,242,0.016666666666666666,0.0,0.0,0.11666666666666667,0.08333333333333333,0.0,0.0,0.0005376344086021505,0.0,0.0,0.005149067202638631,0.002715165970979925,0.0,0.0
2021-08-30,147,0.016666666666666666,0.0,0.0,0.11666666666666667,0.08333333333333333,0.0,0.0,0.0005376344086021505,0.0,0.0,0.005149067202638631,0.002715165970979925,0.0,0.0
2021-08-31,144,0.016666666666666666,0.0,0.0,0.1,0.08333333333333333,0.0,0.0,0.0005376344086021505,0.0,0.0,0.004107400535971964,0.002715165970979925,0.0,0.0
2021-09-01,208,0.016666666666666666,0.0,0.0,0.1,0.08333333333333333,0.0,0.0,0.0005376344086021505,0.0,0.0,0.004107400535971964,0.002715165970979925,0.0,0.0
2021-09-02,247,0.016666666666666666,0.0,0.0,0.1,0.05,0.0,0.0,0.0005376344086021505,0.0,0.0,0.004107400535971964,0.0010484993043132578,0.0,0.0
2021-09-03,179,0.016666666666666666,0.0,0.0,0.1,0.05,0.0,0.0,0.0005376344086021505,0.0,0.0,0.004107400535971964,0.0010484993043132578,0.0,0.0
2021-09-04,153,0.016666666666666666,0.0,0.0,0.11666666666666667,0.05,0.0,0.0,0.0005376344086021505,0.0,0.0,0.004427913356484784,0.0010484993043132578,0.0,0.0
2021-09-05,113,0.016666666666666666,0.0,0.0,0.11666666666666667,0.05,0.0,0.0,0.0005376344086021505,0.0,0.0,0.004427913356484784,0.0010484993043132578,0.0,0.0
2021-09-06,151,0.016666666666666666,0.0,0.0,0.11666666666666667,0.05,0.0,0.0,0.0005376344086021505,0.0,0.0,0.004427913356484784,0.0010484993043132578,0.0,0.0
2021-09-07,148,0.016666666666666666,0.0,0.0,0.11666666666666667,0.05,0.0,0.0,0.0005376344086021505,0.0,0.0,0.004427913356484784,0.0010484993043132578,0.0,0.0
2021-09-08,209,0.016666666666666666,0.0,0.0,0.13333333333333333,0.05,0.0,0.0,0.0005376344086021505,0.0,0.0,0.004636246689818118,0.0010484993043132578,0.0,0.0
2021-09-09,185,0.016666666666666666,0.0,0.0,0.11666666666666667,0.05,0.0,0.0,0.0005376344086021505,0.0,0.0,0.0034457704993419275,0.0010484993043132578,0.0,0.0
2021-09-10,220,0.016666666666666666,0.0,0.0,0.11666666666666667,0.05,0.0,0.0,0.0005376344086021505,0.0,0.0,0.0034457704993419275,0.0010484993043132578,0.0,0.0
2021-09-11,165,0.016666666666666666,0.0,0.0,0.11666666666666667,0.05,0.0,0.0,0.0005376344086021505,0.0,0.0,0.0034457704993419275,0.0010484993043132578,0.0,0.0
2021-09-12,278,0.016666666666666666,0.0,0.0,0.15,0.05,0.0,0.0,0.0005376344086021505,0.0,0.0,0.00382030233454792,0.0010484993043132578,0.0,0.0
2021-09-13,192,0.016666666666666666,0.0,0.0,0.15,0.05,0.0,0.0,0.0005376344086021505,0.0,0.0,0.00382030233454792,0.0010484993043132578,0.0,0.0
2021-09-14,187,0.016666666666666666,0.0,0.0,0.13333333333333333,0.05,0.0,0.0,0.0005376344086021505,0.0,0.0,0.0032250642393098243,0.0010484993043132578,0.0,0.0
2021-09-15,265,0.016666666666666666,0.0,0.0,0.13333333333333333,0.05,0.0,0.0,0.0005376344086021505,0.0,0.0,0.0032250642393098243,0.0010484993043132578,0.0,0.0
2021-09-16,332,0.016666666666666666,0.0,0.0,0.13333333333333333,0.05,0.0,0.0,0.0005376344086021505,0.0,0.0,0.0032250642393098243,0.0010484993043132578,0.0,0.0
2021-09-17,154,0.016666666666666666,0.0,0.0,0.13333333333333333,0.05,0.0,0.0,0.0005376344086021505,0.0,0.0,0.0032250642393098243,0.0010484993043132578,0.0,0.0
2021-09-18,152,0.016666666666666666,0.0,0.0,0.13333333333333333,0.05,0.0,0.0,0.0005376344086021505,0.0,0.0,0.0032250642393098243,0.0010484993043132578,0.0,0.0
2021-09-19,116,0.016666666666666666,0.0,0.0,0.13333333333333333,0.05,0.0,0.0,0.0005376344086021505,0.0,0.0,0.0032250642393098243,0.0010484993043132578,0.0,0.0
