,AFD,CDUCSU,FDP,GRUENE,LINKE,OTHER,SPD,AFD - norm,CDUCSU - norm,FDP - norm,GRUENE - norm,LINKE - norm,OTHER - norm,SPD - norm
2021-01-01,,,,,,,,,,,,,,
2021-01-02,,,,,,,,,,,,,,
2021-01-03,,,,,,,,,,,,,,
2021-01-04,,,,,,,,,,,,,,
2021-01-05,,,,,,,,,,,,,,
2021-01-06,,,,,,,,,,,,,,
2021-01-07,,,,,,,,,,,,,,
2021-01-08,,,,,,,,,,,,,,
2021-01-09,,,,,,,,,,,,,,
2021-01-10,,,,,,,,,,,,,,
2021-01-11,,,,,,,,,,,,,,
2021-01-12,,,,,,,,,,,,,,
2021-01-13,,,,,,,,,,,,,,
2021-01-14,1.3571428571428572,0.14285714285714285,0.21428571428571427,0.07142857142857142,0.07142857142857142,,0.07142857142857142,0.06147143522000502,0.02806122448979592,0.015145502645502644,0.000992063492063492,0.0007763975155279503,,0.0021645021645021645
2021-01-15,1.5714285714285714,0.14285714285714285,0.21428571428571427,0.14285714285714285,0.07142857142857142,,0.14285714285714285,0.06940794315651296,0.02806122448979592,0.015145502645502644,0.0022675736961451248,0.0007763975155279503,,0.006132756132756133
2021-01-16,1.9285714285714286,0.14285714285714285,0.21428571428571427,0.21428571428571427,0.35714285714285715,,0.14285714285714285,0.07656292739129344,0.02806122448979592,0.015145502645502644,0.0034385338834987548,0.001748214813875861,,0.006132756132756133
2021-01-17,1.8571428571428572,0.14285714285714285,0.21428571428571427,0.21428571428571427,0.35714285714285715,,0.21428571428571427,0.07345733732918165,0.02806122448979592,0.015145502645502644,0.0034385338834987548,0.001748214813875861,,0.013275613275613276
2021-01-18,1.8571428571428572,0.14285714285714285,0.21428571428571427,0.21428571428571427,0.35714285714285715,,0.21428571428571427,0.07392317583849842,0.02806122448979592,0.015145502645502644,0.0034385338834987548,0.001748214813875861,,0.013275613275613276
2021-01-19,1.8571428571428572,0.14285714285714285,0.21428571428571427,0.21428571428571427,0.35714285714285715,,0.21428571428571427,0.07392317583849842,0.02806122448979592,0.015145502645502644,0.0034385338834987548,0.001748214813875861,,0.013275613275613276
2021-01-20,1.7857142857142858,0.14285714285714285,0.14285714285714285,0.21428571428571427,0.35714285714285715,,0.21428571428571427,0.07169103298135557,0.02806122448979592,0.012499999999999999,0.003481667078805863,0.001748214813875861,,0.013275613275613276
2021-01-21,1.9285714285714286,0.14285714285714285,0.14285714285714285,0.21428571428571427,0.35714285714285715,,0.21428571428571427,0.0830032501759257,0.02806122448979592,0.012499999999999999,0.003481667078805863,0.001748214813875861,,0.013275613275613276
2021-01-22,1.8571428571428572,0.14285714285714285,0.07142857142857142,0.21428571428571427,0.35714285714285715,,0.2857142857142857,0.07906076409058249,0.02806122448979592,0.008928571428571428,0.003481667078805863,0.001748214813875861,,0.01773989898989899
2021-01-23,1.8571428571428572,0.07142857142857142,0.0,0.2857142857142857,0.35714285714285715,,0.2857142857142857,0.07933132686114526,0.01020408163265306,0.0,0.005646169243308027,0.001748214813875861,,0.01773989898989899
2021-01-24,1.7857142857142858,0.07142857142857142,0.0,0.2857142857142857,0.35714285714285715,,0.2857142857142857,0.07639015039055701,0.01020408163265306,0.0,0.005646169243308027,0.001748214813875861,,0.01773989898989899
2021-01-25,1.9285714285714286,0.0,0.0,0.2857142857142857,0.5,,0.2857142857142857,0.08260133051478061,0.0,0.0,0.005646169243308027,0.0030469161125771596,,0.01773989898989899
2021-01-26,1.9285714285714286,0.0,0.0,0.2857142857142857,0.5,,0.2857142857142857,0.08260133051478061,0.0,0.0,0.005646169243308027,0.0030469161125771596,,0.01773989898989899
2021-01-27,2.0,0.0,0.0,0.2857142857142857,0.5,,0.2857142857142857,0.08158092235151529,0.0,0.0,0.005646169243308027,0.0030469161125771596,,0.01773989898989899
2021-01-28,2.0,0.0,0.0,0.2857142857142857,0.5,,0.2857142857142857,0.08197774774834068,0.0,0.0,0.005646169243308027,0.0027404434090792843,,0.01882215007215007
2021-01-29,1.7857142857142858,0.0,0.0,0.2857142857142857,0.5,,0.21428571428571427,0.07404123981183275,0.0,0.0,0.005164309832877188,0.0027404434090792843,,0.014853896103896102
2021-01-30,1.2857142857142858,0.0,0.0,0.21428571428571427,0.21428571428571427,,0.21428571428571427,0.059576314056584416,0.0,0.0,0.0039933496455235576,0.0017686261107313739,,0.014853896103896102
2021-01-31,1.2857142857142858,0.0,,0.21428571428571427,0.21428571428571427,,0.14285714285714285,0.059576314056584416,0.0,,0.0039933496455235576,0.0017686261107313739,,0.007711038961038958
2021-02-01,1.2142857142857142,0.0,0.0,0.21428571428571427,0.21428571428571427,,0.14285714285714285,0.05600488548515584,0.0,0.0,0.0039933496455235576,0.0017686261107313739,,0.007711038961038958
2021-02-02,1.3571428571428572,0.0,0.0,0.21428571428571427,0.21428571428571427,,0.14285714285714285,0.06280760657359122,0.0,0.0,0.0039933496455235576,0.0017686261107313739,,0.007711038961038958
2021-02-03,1.5714285714285714,0.0,0.0,0.14285714285714285,0.21428571428571427,,0.21428571428571427,0.07173617800216266,0.0,0.0,0.002958152958152957,0.0017686261107313739,,0.010957792207792206
2021-02-04,1.2857142857142858,0.0,0.0,0.14285714285714285,0.21428571428571427,,0.2857142857142857,0.05492945531308702,0.0,0.0,0.002958152958152957,0.0017686261107313739,,0.0164522977022977
2021-02-05,1.3571428571428572,0.21428571428571427,0.0,0.14285714285714285,0.2857142857142857,,0.21428571428571427,0.06078179624946157,0.014285714285714287,0.0,0.002958152958152957,0.002850877192982456,,0.011988011988011986
2021-02-06,1.5714285714285714,0.21428571428571427,0.0,0.07142857142857142,0.2857142857142857,,0.21428571428571427,0.07658266205032738,0.014285714285714287,0.0,0.0007936507936507923,0.002850877192982456,,0.011988011988011986
2021-02-07,1.5,0.21428571428571427,0.0,0.07142857142857142,0.2857142857142857,0.0,0.21428571428571427,0.07238098137805847,0.014285714285714287,0.0,0.0007936507936507923,0.002850877192982456,0.0,0.011988011988011986
2021-02-08,1.3571428571428572,0.21428571428571427,0.0,0.07142857142857142,0.14285714285714285,,0.2857142857142857,0.06616980125383487,0.014285714285714287,0.0,0.0007936507936507923,0.0015521758942811574,,0.015234765234765234
2021-02-09,1.3571428571428572,0.21428571428571427,,0.07142857142857142,0.14285714285714285,0.0,0.35714285714285715,0.06676503934907296,0.014285714285714287,,0.0007936507936507923,0.0015521758942811574,0.0,0.017697819421957355
2021-02-10,1.2857142857142858,0.2857142857142857,0.0,0.07142857142857142,0.14285714285714285,,0.42857142857142855,0.06497159469848544,0.023214285714285715,0.0,0.0007936507936507923,0.0015521758942811574,,0.021666073390211323
2021-02-11,1.1428571428571428,0.2857142857142857,0.0,0.07142857142857142,0.07142857142857142,0.0,0.42857142857142855,0.06100334073023148,0.023214285714285715,0.0,0.0007936507936507923,0.0010822510822510823,0.0,0.02288360585774379
2021-02-12,1.1428571428571428,0.2857142857142857,0.0,0.0,0.07142857142857142,,0.42857142857142855,0.06100334073023148,0.023214285714285715,0.0,0.0,0.0010822510822510823,,0.02288360585774379
2021-02-13,1.2142857142857142,0.2857142857142857,0.0,0.0,0.07142857142857142,,0.42857142857142855,0.06596365819054893,0.023214285714285715,0.0,0.0,0.0010822510822510823,,0.02288360585774379
2021-02-14,1.2142857142857142,0.2857142857142857,,0.07142857142857142,0.07142857142857142,0.07142857142857142,0.42857142857142855,0.06596365819054893,0.023214285714285715,,0.0011709601873536289,0.0010822510822510823,0.03571428571428571,0.02288360585774379
2021-02-15,1.2142857142857142,0.2857142857142857,0.0,0.14285714285714285,0.07142857142857142,0.07142857142857142,0.42857142857142855,0.06596365819054893,0.023214285714285715,0.0,0.0028716404594624724,0.0010822510822510823,0.03571428571428571,0.02288360585774379
2021-02-16,1.0714285714285714,0.2857142857142857,0.0,0.21428571428571427,0.07142857142857142,0.07142857142857142,0.42857142857142855,0.059160937102113564,0.023214285714285715,0.0,0.0036565698158204,0.0010822510822510823,0.03571428571428571,0.02288360585774379
2021-02-17,1.0,0.35714285714285715,0.0,0.21428571428571427,0.07142857142857142,0.07142857142857142,0.35714285714285715,0.058168873610050076,0.03511904761904762,0.0,0.0036565698158204,0.0010822510822510823,0.03571428571428571,0.019636852610990543
2021-02-18,1.0,0.35714285714285715,0.0,0.2857142857142857,0.07142857142857142,0.14285714285714285,0.2857142857142857,0.058168873610050076,0.03511904761904762,0.0,0.0046626060331242235,0.0010822510822510823,0.07142857142857142,0.014142347116485047
2021-02-19,0.8571428571428571,0.14285714285714285,0.0,0.2857142857142857,0.0,,0.2857142857142857,0.049765512265512256,0.020833333333333336,0.0,0.0046626060331242235,0.0,,0.014142347116485047
2021-02-20,0.6428571428571429,0.14285714285714285,0.0,0.2857142857142857,0.0,,0.2857142857142857,0.03547979797979797,0.020833333333333336,0.0,0.0046626060331242235,0.0,,0.014142347116485047
2021-02-21,0.7857142857142857,0.14285714285714285,0.0,0.35714285714285715,0.0,0.14285714285714285,0.2857142857142857,0.05135281385281384,0.020833333333333336,0.0,0.007638796509314699,0.0,0.07142857142857142,0.014142347116485047
2021-02-22,0.8571428571428571,0.14285714285714285,0.0,0.35714285714285715,0.0,0.14285714285714285,0.21428571428571427,0.05511221234905444,0.020833333333333336,0.0,0.007638796509314699,0.0,0.07142857142857142,0.010895593869731799
2021-02-23,0.7857142857142857,0.14285714285714285,0.0,0.35714285714285715,0.07142857142857142,0.14285714285714285,0.14285714285714285,0.05208190931875141,0.020833333333333336,0.0,0.007638796509314699,0.003246753246753247,0.07142857142857142,0.008432539682539682
2021-02-24,0.6428571428571429,0.07142857142857142,0.0,0.5,0.07142857142857142,,0.21428571428571427,0.04775290498974708,0.011904761904761906,0.0,0.011607050477568668,0.003246753246753247,,0.013988095238095239
2021-02-25,0.7857142857142857,0.07142857142857142,0.0,0.5,0.07142857142857142,,0.14285714285714285,0.053705285942128034,0.011904761904761906,0.0,0.011607050477568668,0.003246753246753247,,0.009523809523809523
2021-02-26,1.0,0.07142857142857142,0.0,0.5,0.07142857142857142,,0.14285714285714285,0.06441957165641375,0.011904761904761906,0.0,0.011607050477568668,0.003246753246753247,,0.009523809523809523
2021-02-27,0.8571428571428571,0.07142857142857142,0.0,0.5,0.07142857142857142,0.14285714285714285,0.2857142857142857,0.05549100022784232,0.011904761904761906,0.0,0.011607050477568668,0.003246753246753247,0.07142857142857142,0.04523809523809524
2021-02-28,0.8571428571428571,0.07142857142857142,0.0,0.42857142857142855,0.07142857142857142,,0.2857142857142857,0.05549100022784232,0.011904761904761906,0.0,0.010436090290215038,0.003246753246753247,,0.04523809523809524
2021-03-01,0.9285714285714286,0.07142857142857142,0.0,0.35714285714285715,0.14285714285714285,,0.2857142857142857,0.06025290498974708,0.011904761904761906,0.0,0.008735410018106194,0.004988913525498892,,0.04523809523809524
2021-03-02,1.0,0.07142857142857142,0.0,0.2857142857142857,0.21428571428571427,,0.2857142857142857,0.06574741048425257,0.011904761904761906,0.0,0.007950480661748267,0.006689593797607736,,0.04523809523809524
2021-03-03,1.0,0.0,0.0,0.2857142857142857,0.21428571428571427,,0.35714285714285715,0.06291294336407116,1.982541115402065e-18,0.0,0.007950480661748267,0.006689593797607736,,0.04899749373433583
2021-03-04,1.0714285714285714,0.0,0.0,0.35714285714285715,0.35714285714285715,,0.35714285714285715,0.06588913384026164,1.982541115402065e-18,0.0,0.009801587301587299,0.010352597460611398,,0.04899749373433583
2021-03-05,1.1428571428571428,0.0,0.0,0.35714285714285715,0.5,0.14285714285714285,0.42857142857142855,0.06827008622121401,1.982541115402065e-18,0.0,0.009801587301587299,0.012283099391113328,0.07142857142857142,0.05346177944862155
2021-03-06,1.0714285714285714,0.0,0.0,0.35714285714285715,0.5,,0.42857142857142855,0.06350818145930925,1.982541115402065e-18,0.0,0.009801587301587299,0.012283099391113328,,0.05346177944862155
2021-03-07,0.9285714285714286,0.0,0.0,0.2857142857142857,0.5,,0.42857142857142855,0.04763516558629338,1.982541115402065e-18,0.0,0.006825396825396824,0.012283099391113328,,0.05346177944862155
2021-03-08,0.9285714285714286,0.0,0.0,0.2857142857142857,0.5,0.14285714285714285,0.42857142857142855,0.04784402105830675,1.982541115402065e-18,0.0,0.006825396825396824,0.012283099391113328,0.07142857142857142,0.05346177944862155
2021-03-09,0.9285714285714286,,0.0,0.2857142857142857,0.5,0.14285714285714285,0.42857142857142855,0.047302895517181205,,0.0,0.006825396825396824,0.009988727096741035,0.07142857142857142,0.05346177944862155
2021-03-10,0.9285714285714286,0.0,0.0,0.21428571428571427,0.5,0.14285714285714285,0.2857142857142857,0.047302895517181205,1.982541115402065e-18,0.0,0.00406779661016949,0.009988727096741035,0.07142857142857142,0.043937969924812026
2021-03-11,0.9285714285714286,0.0,0.0,0.21428571428571427,0.5,,0.2857142857142857,0.051554596197453305,1.982541115402065e-18,0.0,0.00406779661016949,0.009988727096741035,,0.043937969924812026
2021-03-12,0.8571428571428571,0.0,0.0,0.21428571428571427,0.5,0.14285714285714285,0.2857142857142857,0.05274507238792949,1.982541115402065e-18,0.0,0.00406779661016949,0.009988727096741035,0.07142857142857142,0.043937969924812026
2021-03-13,0.8571428571428571,0.0,0.07142857142857142,0.21428571428571427,0.5,,0.14285714285714285,0.05274507238792949,1.982541115402065e-18,0.005102040816326529,0.00406779661016949,0.009988727096741035,,0.008223684210526312
2021-03-14,0.9285714285714286,0.0,0.07142857142857142,0.21428571428571427,0.5,,0.14285714285714285,0.059887929530786636,1.982541115402065e-18,0.005102040816326529,0.00406779661016949,0.009988727096741035,,0.008223684210526312
2021-03-15,0.8571428571428571,0.0,0.07142857142857142,0.21428571428571427,0.42857142857142855,0.07142857142857142,0.2857142857142857,0.05512602476888188,1.982541115402065e-18,0.005102040816326529,0.00406779661016949,0.00824656681799539,0.03571428571428571,0.0192126951995373
2021-03-16,0.7857142857142857,0.0,0.07142857142857142,0.21428571428571427,0.35714285714285715,0.07142857142857142,0.35714285714285715,0.04963151927437638,1.982541115402065e-18,0.005102040816326529,0.00406779661016949,0.006545886545886547,0.03571428571428571,0.023676980913823014
2021-03-17,0.6428571428571429,0.0,0.07142857142857142,0.21428571428571427,0.35714285714285715,,0.2857142857142857,0.04452947845804985,1.982541115402065e-18,0.005102040816326529,0.00406779661016949,0.006545886545886547,,0.019917582417582413
2021-03-18,0.6428571428571429,0.0,0.07142857142857142,0.21428571428571427,0.21428571428571427,,0.2857142857142857,0.048696145124716525,1.982541115402065e-18,0.005102040816326529,0.0035525741277338922,0.0028828828828828842,,0.019917582417582413
2021-03-19,0.6428571428571429,0.0,0.07142857142857142,0.21428571428571427,0.07142857142857142,0.07142857142857142,0.21428571428571427,0.053458049886621284,1.982541115402065e-18,0.005102040816326529,0.0035525741277338922,0.0009523809523809536,0.03571428571428571,0.0154532967032967
2021-03-20,0.7857142857142857,0.0,0.07142857142857142,0.21428571428571427,0.07142857142857142,0.07142857142857142,0.21428571428571427,0.062386621315192715,1.982541115402065e-18,0.005102040816326529,0.0035525741277338922,0.0009523809523809536,0.03571428571428571,0.0154532967032967
2021-03-21,0.9285714285714286,0.0,0.07142857142857142,0.2857142857142857,0.07142857142857142,0.0,0.21428571428571427,0.076672335600907,1.982541115402065e-18,0.005102040816326529,0.004723534315087522,0.0009523809523809536,0.0,0.0154532967032967
2021-03-22,0.8571428571428571,0.0,0.07142857142857142,0.35714285714285715,0.14285714285714285,,0.2857142857142857,0.07270408163265303,1.982541115402065e-18,0.005102040816326529,0.005875608047806416,0.0021044546850998475,,0.019421550671550665
2021-03-23,0.9285714285714286,0.0,0.07142857142857142,0.42857142857142855,0.07142857142857142,0.0,0.5,0.07224620617477757,1.982541115402065e-18,0.005102040816326529,0.006910804735177016,0.0011520737327188949,0.0,0.02633399306786403
2021-03-24,1.2857142857142858,0.0,0.07142857142857142,0.5714285714285714,0.14285714285714285,,0.5714285714285714,0.09104319865598057,1.982541115402065e-18,0.005102040816326529,0.008996854278853677,0.002323033920072525,,0.028264494998365964
2021-03-25,1.2142857142857142,0.0,0.07142857142857142,0.5714285714285714,0.2857142857142857,0.0,0.5714285714285714,0.08300361918782968,1.982541115402065e-18,0.005102040816326529,0.008996854278853677,0.003503671464346433,0.0,0.028264494998365964
2021-03-26,1.0714285714285714,0.0,0.07142857142857142,0.5714285714285714,0.2857142857142857,,0.5714285714285714,0.07109885728306778,1.982541115402065e-18,0.005102040816326529,0.008996854278853677,0.003503671464346433,,0.028264494998365964
2021-03-27,1.0714285714285714,0.0,0.0,0.5714285714285714,0.2857142857142857,,0.5714285714285714,0.07109885728306778,1.982541115402065e-18,0.0,0.008996854278853677,0.003503671464346433,,0.028264494998365964
2021-03-28,1.0,0.0,0.0,0.5714285714285714,0.2857142857142857,,0.5714285714285714,0.06395600014021063,1.982541115402065e-18,0.0,0.008996854278853677,0.003503671464346433,,0.028264494998365964
2021-03-29,1.0714285714285714,0.07142857142857142,0.0,0.6428571428571429,0.2857142857142857,0.0,0.42857142857142855,0.06990838109259159,0.007142857142857145,0.0,0.011642356924356322,0.003503671464346433,0.0,0.017275484009354972
2021-03-30,1.1428571428571428,0.07142857142857142,0.0,0.6428571428571429,0.35714285714285715,,0.35714285714285715,0.07640188758609809,0.007142857142857145,0.0,0.011642356924356322,0.007705352136615341,,0.012811198295069258
2021-03-31,1.2142857142857142,0.07142857142857142,0.0,0.6428571428571429,0.35714285714285715,,0.35714285714285715,0.080603568258367,0.007142857142857145,0.0,0.011642356924356322,0.007705352136615341,,0.012811198295069258
2021-04-01,1.2142857142857142,0.07142857142857142,0.0,0.5,0.35714285714285715,0.0,0.35714285714285715,0.07995421760901633,0.007142857142857145,0.0,0.009300436549649061,0.007705352136615341,0.0,0.012811198295069258
2021-04-02,1.2142857142857142,0.07142857142857142,0.0,0.5,0.35714285714285715,,0.35714285714285715,0.07791340128248571,0.007142857142857145,0.0,0.009300436549649061,0.007705352136615341,,0.012811198295069258
2021-04-03,1.2857142857142858,0.07142857142857142,0.0,0.5,0.35714285714285715,,0.35714285714285715,0.07791340128248571,0.007142857142857145,0.0,0.009300436549649061,0.007705352136615341,,0.012811198295069258
2021-04-04,1.2142857142857142,0.07142857142857142,0.0,0.42857142857142855,0.35714285714285715,,0.35714285714285715,0.06782936766904034,0.007142857142857145,0.0,0.008129476362295432,0.007705352136615341,,0.012811198295069258
2021-04-05,1.2142857142857142,0.07142857142857142,0.0,0.42857142857142855,0.2857142857142857,0.0,0.2857142857142857,0.06782936766904034,0.007142857142857145,0.0,0.00787025977243368,0.006553278403896447,0.0,0.00884294432681529
2021-04-06,1.2857142857142858,0.07142857142857142,0.0,0.35714285714285715,0.2857142857142857,,0.07142857142857142,0.07572771931739199,0.007142857142857145,0.0,0.00683506308506308,0.006553278403896447,,0.0019305019305019266
2021-04-07,0.9285714285714286,0.14285714285714285,0.0,0.14285714285714285,0.21428571428571427,,0.0,0.05693072683618899,0.015079365079365081,0.0,0.003538359788359783,0.005382318216542816,,0.0
2021-04-08,0.9285714285714286,0.14285714285714285,0.0,0.14285714285714285,0.07142857142857142,,0.0,0.06369479610025826,0.015079365079365081,0.0,0.003538359788359783,0.004201680672268908,,0.0
2021-04-09,0.9285714285714286,0.14285714285714285,0.0,0.14285714285714285,0.07142857142857142,,0.0,0.06369479610025826,0.015079365079365081,0.0,0.003538359788359783,0.004201680672268908,,0.0
2021-04-10,1.0714285714285714,0.14285714285714285,,0.14285714285714285,0.07142857142857142,,0.0,0.0716313040367662,0.015079365079365081,,0.003538359788359783,0.004201680672268908,,0.0
2021-04-11,1.0714285714285714,0.14285714285714285,0.0,0.14285714285714285,0.14285714285714285,0.07142857142857142,0.07142857142857142,0.0716313040367662,0.015079365079365081,0.0,0.003538359788359783,0.006752701080432174,0.07142857142857142,0.005952380952380948
2021-04-12,1.0,0.07142857142857142,0.0,0.07142857142857142,0.21428571428571427,,0.07142857142857142,0.06567892308438524,0.007936507936507938,0.0,0.0008928571428571377,0.00821042702795404,,0.005952380952380948
2021-04-13,1.0,,0.0,0.07142857142857142,0.14285714285714285,,0.07142857142857142,0.06258677713509643,,0.0,0.0008928571428571377,0.004008746355685132,,0.005952380952380948
2021-04-14,1.0714285714285714,0.07142857142857142,0.07142857142857142,0.07142857142857142,0.14285714285714285,,0.07142857142857142,0.06433747741520847,0.007936507936507938,0.005952380952380951,0.0008928571428571377,0.004008746355685132,,0.005952380952380948
2021-04-15,1.0,0.07142857142857142,0.07142857142857142,0.07142857142857142,0.14285714285714285,,0.07142857142857142,0.05784397092170197,0.007936507936507938,0.005952380952380951,0.0008928571428571377,0.004008746355685132,,0.005952380952380948
2021-04-16,0.9285714285714286,0.07142857142857142,0.07142857142857142,0.14285714285714285,0.14285714285714285,,0.2857142857142857,0.052741930105375444,0.007936507936507938,0.005952380952380951,0.00221560846560846,0.004008746355685132,,0.014880952380952375
2021-04-17,0.7142857142857143,0.07142857142857142,0.07142857142857142,0.14285714285714285,0.14285714285714285,0.07142857142857142,0.42857142857142855,0.04381335867680402,0.007936507936507938,0.005952380952380951,0.00221560846560846,0.004008746355685132,0.07142857142857142,0.03075396825396825
2021-04-18,0.9285714285714286,0.07142857142857142,0.07142857142857142,0.2857142857142857,0.14285714285714285,0.07142857142857142,0.5,0.05104024943310654,0.007936507936507938,0.005952380952380951,0.008426788589832063,0.004008746355685132,0.07142857142857142,0.03451336675020885
2021-04-19,1.1428571428571428,0.35714285714285715,0.07142857142857142,0.7857142857142857,0.14285714285714285,0.14285714285714285,0.5714285714285714,0.05961167800453511,0.02991452991452992,0.005952380952380951,0.014588605168315307,0.004008746355685132,0.14285714285714285,0.0372606194974616
2021-04-20,1.0,0.35714285714285715,0.07142857142857142,0.9285714285714286,0.14285714285714285,0.14285714285714285,0.5714285714285714,0.05336167800453511,0.02991452991452992,0.005952380952380951,0.018251608831318968,0.004008746355685132,0.14285714285714285,0.0372606194974616
2021-04-21,1.1428571428571428,0.35714285714285715,0.07142857142857142,0.9285714285714286,0.14285714285714285,,0.5714285714285714,0.05985518449804161,0.02991452991452992,0.005952380952380951,0.018251608831318968,0.004008746355685132,,0.0372606194974616
2021-04-22,1.2857142857142858,0.2857142857142857,0.07142857142857142,1.0714285714285714,0.14285714285714285,,0.5714285714285714,0.06431947021232731,0.021978021978021983,0.005952380952380951,0.02055575629675676,0.004008746355685132,,0.0372606194974616
2021-04-23,1.2857142857142858,0.2857142857142857,0.07142857142857142,1.0714285714285714,0.14285714285714285,0.21428571428571427,0.5714285714285714,0.06431947021232731,0.021978021978021983,0.005952380952380951,0.02055575629675676,0.004008746355685132,0.17857142857142858,0.0372606194974616
2021-04-24,1.3571428571428572,0.2857142857142857,0.07142857142857142,1.1428571428571428,0.14285714285714285,,0.5714285714285714,0.0778115337043908,0.021978021978021983,0.005952380952380951,0.0214834000815434,0.004008746355685132,,0.0372606194974616
2021-04-25,1.4285714285714286,0.2857142857142857,0.14285714285714285,1.1428571428571428,0.07142857142857142,,0.5,0.08227581941867652,0.021978021978021983,0.013888888888888886,0.0214834000815434,0.0014577259475218665,,0.03130823854508065
2021-04-26,1.7142857142857142,0.2857142857142857,0.14285714285714285,1.1428571428571428,0.0,,0.5,0.10268398268398264,0.021978021978021983,0.013888888888888886,0.0214834000815434,7.434529182757744e-19,,0.03130823854508065
2021-04-27,1.7142857142857142,0.2857142857142857,0.14285714285714285,1.1428571428571428,0.07142857142857142,,0.5,0.10348430281203387,0.021978021978021983,0.013888888888888886,0.0214834000815434,0.0015873015873015882,,0.03130823854508065
2021-04-28,1.5714285714285714,0.2857142857142857,0.21428571428571427,1.1428571428571428,0.07142857142857142,0.21428571428571427,0.5,0.09753192185965291,0.021978021978021983,0.016339869281045753,0.0214834000815434,0.0015873015873015882,0.17857142857142858,0.03130823854508065
2021-04-29,1.5714285714285714,0.2857142857142857,0.21428571428571427,1.2142857142857142,0.07142857142857142,,0.5,0.09753192185965291,0.021978021978021983,0.016339869281045753,0.022758910285625034,0.0015873015873015882,,0.03130823854508065
2021-04-30,1.7142857142857142,0.2857142857142857,0.21428571428571427,1.1428571428571428,0.07142857142857142,,0.42857142857142855,0.10773600349230597,0.021978021978021983,0.016339869281045753,0.021436158962873708,0.0015873015873015882,,0.029898464108990424
2021-05-01,1.7857142857142858,0.2857142857142857,0.21428571428571427,1.1428571428571428,0.14285714285714285,,0.2857142857142857,0.11059314634944883,0.021978021978021983,0.016339869281045753,0.021436158962873708,0.00251494537208823,,0.014025448235974554
2021-05-02,1.5,0.2857142857142857,0.21428571428571427,1.0,0.14285714285714285,0.21428571428571427,0.21428571428571427,0.09916457492087741,0.021978021978021983,0.016339869281045753,0.015224978838650106,0.00251494537208823,0.17857142857142858,0.010266049739733952
2021-05-03,1.4285714285714286,0.0,0.21428571428571427,0.42857142857142855,0.14285714285714285,,0.14285714285714285,0.09952171777802025,3.96508223080413e-18,0.016339869281045753,0.008170305117309718,0.00251494537208823,,0.007518796992481204
2021-05-04,1.3571428571428572,0.0,0.21428571428571427,0.2857142857142857,0.14285714285714285,,0.21428571428571427,0.09237886063516311,3.96508223080413e-18,0.016339869281045753,0.0045073014543060555,0.00251494537208823,,0.013471177944862158
2021-05-05,1.2142857142857142,0.0,0.21428571428571427,0.2857142857142857,0.14285714285714285,,0.21428571428571427,0.08588535414165663,3.96508223080413e-18,0.016339869281045753,0.0045073014543060555,0.00251494537208823,,0.013471177944862158
2021-05-06,1.0714285714285714,0.0,0.21428571428571427,0.14285714285714285,0.14285714285714285,,0.21428571428571427,0.07573925024555273,3.96508223080413e-18,0.016339869281045753,0.0022031539888682674,0.00251494537208823,,0.013471177944862158
2021-05-07,1.1428571428571428,0.0,0.21428571428571427,0.21428571428571427,0.14285714285714285,0.21428571428571427,0.21428571428571427,0.07898600349230597,3.96508223080413e-18,0.016339869281045753,0.0033552277215871612,0.00251494537208823,0.17857142857142858,0.013471177944862158
2021-05-08,1.0,0.0,0.35714285714285715,0.14285714285714285,0.14285714285714285,,0.21428571428571427,0.06405093855724102,3.96508223080413e-18,0.03221288515406163,0.002427583936800519,0.00251494537208823,,0.013471177944862158
2021-05-09,1.0,0.0,0.2857142857142857,0.14285714285714285,0.14285714285714285,,0.21428571428571427,0.06378833351522421,3.96508223080413e-18,0.02427637721755369,0.002427583936800519,0.00251494537208823,,0.013471177944862158
2021-05-10,0.9285714285714286,0.0,0.2857142857142857,0.14285714285714285,0.21428571428571427,,0.21428571428571427,0.058686292698897684,3.96508223080413e-18,0.02427637721755369,0.002427583936800519,0.005620535434200031,,0.013471177944862158
2021-05-11,0.9285714285714286,0.0,0.2857142857142857,0.14285714285714285,0.14285714285714285,,0.21428571428571427,0.05746080250281925,3.96508223080413e-18,0.02427637721755369,0.002427583936800519,0.0040332338468984435,,0.013471177944862158
2021-05-12,1.0,0.0,0.14285714285714285,0.14285714285714285,0.14285714285714285,,0.21428571428571427,0.06222270726472401,3.96508223080413e-18,0.015873015873015876,0.002427583936800519,0.0040332338468984435,,0.013471177944862158
2021-05-13,1.0714285714285714,0.0,0.14285714285714285,0.07142857142857142,0.14285714285714285,,0.21428571428571427,0.06642438793699292,3.96508223080413e-18,0.015873015873015876,0.0011520737327188866,0.0040332338468984435,,0.013471177944862158
2021-05-14,1.1428571428571428,0.0,0.14285714285714285,0.07142857142857142,0.14285714285714285,,0.07142857142857142,0.06812506820910177,3.96508223080413e-18,0.015873015873015876,0.0011520737327188866,0.0040332338468984435,,0.005952380952380955
2021-05-15,1.1428571428571428,0.0,0.14285714285714285,0.07142857142857142,0.07142857142857142,0.21428571428571427,0.07142857142857142,0.06973221106624462,3.96508223080413e-18,0.015873015873015876,0.0011520737327188866,0.003105590062111801,0.17857142857142858,0.005952380952380955
2021-05-16,1.2142857142857142,0.0,0.14285714285714285,0.07142857142857142,0.07142857142857142,0.21428571428571427,0.07142857142857142,0.0733036396376732,3.96508223080413e-18,0.015873015873015876,0.0011520737327188866,0.003105590062111801,0.17857142857142858,0.005952380952380955
2021-05-17,1.2142857142857142,0.0,0.14285714285714285,0.07142857142857142,0.07142857142857142,0.21428571428571427,0.07142857142857142,0.08478323147440789,3.96508223080413e-18,0.015873015873015876,0.0011520737327188866,0.003105590062111801,0.17857142857142858,0.005952380952380955
2021-05-18,1.2857142857142858,0.0,0.14285714285714285,0.07142857142857142,0.07142857142857142,,0.0,0.08753048422166064,3.96508223080413e-18,0.015873015873015876,0.0011520737327188866,0.003105590062111801,,2.9738116731030977e-18
2021-05-19,1.2857142857142858,0.0,0.14285714285714285,0.07142857142857142,0.07142857142857142,,0.0,0.08753048422166064,3.96508223080413e-18,0.015873015873015876,0.0011520737327188866,0.003105590062111801,,2.9738116731030977e-18
2021-05-20,1.2857142857142858,0.0,0.14285714285714285,0.07142857142857142,0.07142857142857142,0.21428571428571427,0.0,0.08658787844034518,3.96508223080413e-18,0.015873015873015876,0.0011520737327188866,0.003105590062111801,0.17857142857142858,2.9738116731030977e-18
2021-05-21,1.5,0.0,0.14285714285714285,0.0,0.07142857142857142,,0.0,0.093545206826245,3.96508223080413e-18,0.015873015873015876,0.0,0.003105590062111801,,2.9738116731030977e-18
2021-05-22,1.6428571428571428,0.0,0.0,0.0,0.14285714285714285,,0.0,0.10133741461845279,3.96508223080413e-18,1.982541115402065e-18,0.0,0.004097653554175293,,2.9738116731030977e-18
2021-05-23,1.5714285714285714,0.0,0.07142857142857142,0.0,0.14285714285714285,,0.0,0.09713573394618388,3.96508223080413e-18,0.02380952380952381,0.0,0.004097653554175293,,2.9738116731030977e-18
2021-05-24,1.6428571428571428,0.0,0.14285714285714285,0.0,0.07142857142857142,0.21428571428571427,0.0,0.09863633418627993,3.96508223080413e-18,0.034013605442176874,0.0,0.000992063492063492,0.17857142857142858,2.9738116731030977e-18
2021-05-25,1.6428571428571428,0.0,0.14285714285714285,0.0,0.07142857142857142,,0.0,0.10012442942437516,3.96508223080413e-18,0.034013605442176874,0.0,0.000992063492063492,,2.9738116731030977e-18
2021-05-26,1.7142857142857142,0.0,0.14285714285714285,0.0,0.07142857142857142,,0.0,0.10107681037675612,3.96508223080413e-18,0.034013605442176874,0.0,0.000992063492063492,,2.9738116731030977e-18
2021-05-27,1.7857142857142858,0.0,0.14285714285714285,0.0,0.07142857142857142,0.14285714285714285,0.0,0.1098621426915002,3.96508223080413e-18,0.034013605442176874,0.0,0.000992063492063492,0.10714285714285714,2.9738116731030977e-18
2021-05-28,1.6428571428571428,,0.14285714285714285,0.0,0.07142857142857142,0.14285714285714285,0.0,0.10390976173911924,,0.034013605442176874,0.0,0.000992063492063492,0.10714285714285714,2.9738116731030977e-18
2021-05-29,1.7142857142857142,0.0,0.14285714285714285,0.0,0.07142857142857142,,0.0,0.10784883736937134,3.96508223080413e-18,0.034013605442176874,0.0,0.000992063492063492,,2.9738116731030977e-18
2021-05-30,1.8571428571428572,0.0,0.14285714285714285,0.0,0.07142857142857142,,0.07142857142857142,0.1176702659407999,3.96508223080413e-18,0.034013605442176874,0.0,0.000992063492063492,,0.005952380952380955
2021-05-31,1.7857142857142858,0.0,0.14285714285714285,0.07142857142857142,0.07142857142857142,,0.14285714285714285,0.10746618430814683,3.96508223080413e-18,0.034013605442176874,0.0019305019305019232,0.000992063492063492,,0.009199134199134203
2021-06-01,1.7857142857142858,0.0,0.14285714285714285,0.07142857142857142,0.07142857142857142,,0.14285714285714285,0.10892061223316299,3.96508223080413e-18,0.034013605442176874,0.0019305019305019232,0.000992063492063492,,0.009199134199134203
2021-06-02,2.0,0.0,0.14285714285714285,0.07142857142857142,0.07142857142857142,,0.14285714285714285,0.12840113171368248,3.96508223080413e-18,0.034013605442176874,0.0019305019305019232,0.000992063492063492,,0.009199134199134203
2021-06-03,2.0,0.0,0.14285714285714285,0.07142857142857142,0.07142857142857142,,0.14285714285714285,0.13085888901014944,3.96508223080413e-18,0.034013605442176874,0.0019305019305019232,0.000992063492063492,,0.009199134199134203
2021-06-04,1.9285714285714286,0.0,0.14285714285714285,0.07142857142857142,0.07142857142857142,,0.14285714285714285,0.1349405216632107,3.96508223080413e-18,0.034013605442176874,0.0019305019305019232,0.000992063492063492,,0.009199134199134203
2021-06-05,1.8571428571428572,0.0,0.14285714285714285,0.07142857142857142,0.0,,0.14285714285714285,0.12686598750172,3.96508223080413e-18,0.034013605442176874,0.0019305019305019232,0.0,,0.009199134199134203
2021-06-06,2.142857142857143,0.0,0.07142857142857142,0.07142857142857142,0.0,,0.14285714285714285,0.1447231303588629,3.96508223080413e-18,0.010204081632653064,0.0019305019305019232,0.0,,0.009199134199134203
2021-06-07,2.0,0.0,0.0,0.07142857142857142,0.0,0.14285714285714285,0.14285714285714285,0.13505926481264438,3.96508223080413e-18,3.96508223080413e-18,0.0019305019305019232,0.0,0.10714285714285714,0.009199134199134203
2021-06-08,2.0,0.0,0.0,0.07142857142857142,0.0,,0.14285714285714285,0.14488069338407297,3.96508223080413e-18,3.96508223080413e-18,0.0019305019305019232,0.0,,0.009199134199134203
2021-06-09,2.0,0.0,0.0,0.07142857142857142,0.0,0.07142857142857142,0.14285714285714285,0.14511878862216823,3.96508223080413e-18,3.96508223080413e-18,0.0019305019305019232,0.0,0.03571428571428571,0.009199134199134203
2021-06-10,2.0,0.0,0.0,0.14285714285714285,0.0,0.07142857142857142,0.14285714285714285,0.14106034706372667,3.96508223080413e-18,3.96508223080413e-18,0.00298092209856915,0.0,0.03571428571428571,0.009199134199134203
2021-06-11,1.9285714285714286,0.0,0.0,0.21428571428571427,0.0,,0.14285714285714285,0.1351079661113457,3.96508223080413e-18,3.96508223080413e-18,0.004965049082696134,0.0,,0.009199134199134203
2021-06-12,1.7857142857142858,0.0,0.0,0.21428571428571427,0.0,,0.14285714285714285,0.1267046047668079,3.96508223080413e-18,3.96508223080413e-18,0.004965049082696134,0.0,,0.009199134199134203
2021-06-13,1.7857142857142858,,0.0,0.21428571428571427,0.0,,0.07142857142857142,0.13712127143347458,,3.96508223080413e-18,0.004965049082696134,0.0,,0.003246753246753251
2021-06-14,1.9285714285714286,0.0,0.0,0.14285714285714285,0.0,,0.0,0.14834576122939294,3.96508223080413e-18,3.96508223080413e-18,0.0030345471521942033,0.0,,3.96508223080413e-18
2021-06-15,1.8571428571428572,0.0,0.0,0.14285714285714285,0.0,,0.07142857142857142,0.14414408055712405,3.96508223080413e-18,3.96508223080413e-18,0.0030345471521942033,0.0,,0.003246753246753251
2021-06-16,1.6428571428571428,0.0,0.0,0.14285714285714285,0.0,,0.07142857142857142,0.12466356107660456,3.96508223080413e-18,3.96508223080413e-18,0.0030345471521942033,0.0,,0.003246753246753251
2021-06-17,1.6428571428571428,0.0,0.0,0.14285714285714285,0.0,,0.07142857142857142,0.12287784679089028,3.96508223080413e-18,3.96508223080413e-18,0.0030345471521942033,0.0,,0.003246753246753251
2021-06-18,1.5,,0.0,0.21428571428571427,0.0,0.0,0.07142857142857142,0.1130564182194617,,3.96508223080413e-18,0.004408173525820577,0.0,0.0,0.003246753246753251
2021-06-19,1.3571428571428572,0.0,0.0,0.21428571428571427,0.0,0.0,0.07142857142857142,0.10684523809523812,3.96508223080413e-18,3.96508223080413e-18,0.004408173525820577,0.0,0.0,0.003246753246753251
2021-06-20,1.1428571428571428,0.0,0.0,0.21428571428571427,0.14285714285714285,,0.07142857142857142,0.09255952380952383,3.96508223080413e-18,3.96508223080413e-18,0.004408173525820577,0.002012072434607646,,0.003246753246753251
2021-06-21,1.0714285714285714,0.0,0.0,0.21428571428571427,0.14285714285714285,0.0,0.07142857142857142,0.08961834733893559,3.96508223080413e-18,3.96508223080413e-18,0.004408173525820577,0.002012072434607646,0.0,0.003246753246753251
2021-06-22,1.0714285714285714,0.0,0.0,0.21428571428571427,0.14285714285714285,,0.07142857142857142,0.0808271385477268,3.96508223080413e-18,3.96508223080413e-18,0.004408173525820577,0.002012072434607646,,0.003246753246753251
2021-06-23,0.9285714285714286,0.0,0.0,0.2857142857142857,0.14285714285714285,0.0,0.14285714285714285,0.07487475759534586,3.96508223080413e-18,3.96508223080413e-18,0.006789125906772957,0.002012072434607646,0.0,0.009199134199134203
2021-06-24,0.8571428571428571,0.0,0.0,0.21428571428571427,0.14285714285714285,,0.14285714285714285,0.07308904330963158,3.96508223080413e-18,3.96508223080413e-18,0.0057387057387057305,0.002012072434607646,,0.009199134199134203
2021-06-25,0.9285714285714286,0.0,0.0,0.2857142857142857,0.14285714285714285,,0.21428571428571427,0.07594618616677443,3.96508223080413e-18,3.96508223080413e-18,0.007956259426847655,0.002012072434607646,,0.015151515151515154
2021-06-26,1.0,0.0,0.0,0.2857142857142857,0.14285714285714285,,0.21428571428571427,0.07832713854772681,3.96508223080413e-18,3.96508223080413e-18,0.007956259426847655,0.002012072434607646,,0.015151515151515154
2021-06-27,1.0,0.0,0.0,0.2857142857142857,0.14285714285714285,,0.21428571428571427,0.0710011312217195,3.96508223080413e-18,3.96508223080413e-18,0.007956259426847655,0.002012072434607646,,0.015151515151515154
2021-06-28,0.8571428571428571,0.0,0.0,0.2857142857142857,0.14285714285714285,,0.21428571428571427,0.052123580201311345,3.96508223080413e-18,3.96508223080413e-18,0.007956259426847655,0.002012072434607646,,0.015151515151515154
2021-06-29,1.0,0.0,0.0,0.42857142857142855,0.14285714285714285,,0.14285714285714285,0.056885484963216104,3.96508223080413e-18,3.96508223080413e-18,0.013058300243174186,0.002012072434607646,,0.011904761904761906
2021-06-30,1.1428571428571428,0.0,0.07142857142857142,0.5,0.14285714285714285,0.0,0.14285714285714285,0.05980093685825984,3.96508223080413e-18,0.007142857142857147,0.015915443100317044,0.002012072434607646,0.0,0.011904761904761906
2021-07-01,1.3571428571428572,,0.07142857142857142,0.5,0.14285714285714285,,0.14285714285714285,0.07468188923921222,,0.007142857142857147,0.015915443100317044,0.002012072434607646,,0.011904761904761906
2021-07-02,1.5714285714285714,,0.07142857142857142,0.5,0.14285714285714285,,0.14285714285714285,0.08702432621400213,,0.007142857142857147,0.019006102440976388,0.002012072434607646,,0.011904761904761906
2021-07-03,1.7142857142857142,0.0,0.07142857142857142,0.5,0.21428571428571427,,0.14285714285714285,0.09454312320648335,3.96508223080413e-18,0.007142857142857147,0.019006102440976388,0.004563092842770912,,0.011904761904761906
2021-07-04,1.7142857142857142,0.0,0.07142857142857142,0.5,0.07142857142857142,,0.14285714285714285,0.09285139388317508,3.96508223080413e-18,0.007142857142857147,0.019006102440976388,0.002551020408163265,,0.011904761904761906
2021-07-05,1.9285714285714286,0.0,0.14285714285714285,0.5,0.07142857142857142,,0.14285714285714285,0.10107207345935336,3.96508223080413e-18,0.012637362637362643,0.019006102440976388,0.002551020408163265,,0.011904761904761906
2021-07-06,1.9285714285714286,0.0,0.14285714285714285,0.5714285714285714,0.07142857142857142,,0.14285714285714285,0.09868315802695968,3.96508223080413e-18,0.012637362637362643,0.02088580168909669,0.002551020408163265,,0.011904761904761906
2021-07-07,2.0714285714285716,0.0,0.14285714285714285,0.6428571428571429,0.07142857142857142,,0.07142857142857142,0.1076117294555311,3.96508223080413e-18,0.012637362637362643,0.024716029432367913,0.002551020408163265,,0.005952380952380954
2021-07-08,2.0,,0.14285714285714285,0.6428571428571429,0.07142857142857142,,0.07142857142857142,0.10046887231267396,,0.012637362637362643,0.024716029432367913,0.002551020408163265,,0.005952380952380954
2021-07-09,2.0,,,0.5,0.07142857142857142,,0.0,0.10085848270228434,,,0.020514348760099003,0.002551020408163265,,1.982541115402065e-18
2021-07-10,2.0,,0.14285714285714285,0.5,0.07142857142857142,,0.0,0.10158312038344375,,0.012637362637362643,0.020514348760099003,0.002551020408163265,,1.982541115402065e-18
2021-07-11,1.7857142857142858,,0.14285714285714285,0.5,0.07142857142857142,,0.0,0.08509960389992725,,0.012637362637362643,0.020514348760099003,0.002551020408163265,,1.982541115402065e-18
2021-07-12,1.9285714285714286,,0.14285714285714285,0.5714285714285714,0.07142857142857142,,0.0,0.09147715492033541,,0.012637362637362643,0.02845085669660694,0.002551020408163265,,1.982541115402065e-18
2021-07-13,2.0,0.0,0.14285714285714285,0.42857142857142855,0.07142857142857142,,0.0,0.09410441272000701,3.96508223080413e-18,0.012637362637362643,0.02334881588028041,0.002551020408163265,,1.982541115402065e-18
2021-07-14,1.8571428571428572,0.0,0.14285714285714285,0.35714285714285715,0.07142857142857142,,0.0,0.09118896082496328,3.96508223080413e-18,0.012637362637362643,0.020491673023137556,0.002551020408163265,,1.982541115402065e-18
2021-07-15,1.7857142857142858,,0.07142857142857142,0.42857142857142855,0.07142857142857142,,0.0,0.08523657987258233,,0.005494505494505498,0.02265617518763972,0.002551020408163265,,1.982541115402065e-18
2021-07-16,1.6428571428571428,,0.07142857142857142,0.42857142857142855,0.07142857142857142,,0.0,0.07392436267801218,,0.005494505494505498,0.020742909881517273,0.002551020408163265,,1.982541115402065e-18
2021-07-17,1.5,0.0,0.07142857142857142,0.42857142857142855,0.0,,0.0,0.06640556568553098,3.96508223080413e-18,0.005494505494505498,0.020742909881517273,0.0,,1.982541115402065e-18
2021-07-18,1.5,,0.07142857142857142,0.42857142857142855,0.0,,0.0,0.0724623743739186,,0.005494505494505498,0.020742909881517273,0.0,,1.982541115402065e-18
2021-07-19,1.2857142857142858,0.0,0.14285714285714285,0.42857142857142855,0.0,,0.0,0.06514205494179794,3.96508223080413e-18,0.017399267399267403,0.020742909881517273,0.0,,1.982541115402065e-18
2021-07-20,1.2142857142857142,0.0,0.07142857142857142,0.35714285714285715,0.0,,0.0,0.06203646487968613,3.96508223080413e-18,0.011904761904761908,0.018863210633396972,0.0,,1.982541115402065e-18
2021-07-21,1.0714285714285714,0.0,0.07142857142857142,0.2857142857142857,0.07142857142857142,,0.0,0.053107893451114704,3.96508223080413e-18,0.011904761904761908,0.01511508469636549,0.004464285714285714,,1.982541115402065e-18
2021-07-22,1.1428571428571428,,0.07142857142857142,0.2857142857142857,0.07142857142857142,,0.0,0.05596503630825756,,0.011904761904761908,0.01511508469636549,0.004464285714285714,,1.982541115402065e-18
2021-07-23,1.0714285714285714,,,0.2857142857142857,0.07142857142857142,,0.0,0.05271828306150432,,,0.01511508469636549,0.004464285714285714,,1.982541115402065e-18
2021-07-24,1.1428571428571428,0.0,0.14285714285714285,0.2857142857142857,0.07142857142857142,,0.0,0.055107198493898016,3.96508223080413e-18,0.08333333333333334,0.01511508469636549,0.004464285714285714,,1.982541115402065e-18
2021-07-25,1.2857142857142858,,0.14285714285714285,0.2857142857142857,0.07142857142857142,,0.0,0.06225005563675516,,0.08333333333333334,0.01511508469636549,0.004464285714285714,,1.982541115402065e-18
2021-07-26,1.0714285714285714,,0.14285714285714285,0.21428571428571427,0.07142857142857142,,0.0,0.05332148420818373,,0.08333333333333334,0.0071785767598575535,0.004464285714285714,,1.982541115402065e-18
2021-07-27,0.9285714285714286,0.0,0.14285714285714285,0.21428571428571427,0.07142857142857142,,0.0,0.04890851212279785,3.96508223080413e-18,0.08333333333333334,0.0071785767598575535,0.004464285714285714,,1.982541115402065e-18
2021-07-28,0.9285714285714286,0.0,0.14285714285714285,0.2857142857142857,0.07142857142857142,,0.0,0.04890851212279785,3.96508223080413e-18,0.08333333333333334,0.0099258295071103,0.004464285714285714,,1.982541115402065e-18
2021-07-29,0.7857142857142857,0.0,0.14285714285714285,0.2857142857142857,0.07142857142857142,,0.0,0.03964925286353859,3.96508223080413e-18,0.08333333333333334,0.011520725838848738,0.004464285714285714,,1.982541115402065e-18
2021-07-30,0.7142857142857143,0.0,0.14285714285714285,0.5,0.14285714285714285,,0.0,0.036902000116285846,3.96508223080413e-18,0.08333333333333334,0.019551716012696056,0.008035714285714287,,1.982541115402065e-18
2021-07-31,0.7857142857142857,0.0,0.14285714285714285,0.5714285714285714,0.14285714285714285,,0.0,0.03964925286353859,3.96508223080413e-18,0.08333333333333334,0.022953076556913744,0.008035714285714287,,1.982541115402065e-18
2021-08-01,0.7142857142857143,0.0,0.14285714285714285,0.5714285714285714,0.14285714285714285,0.0,0.0,0.031712744927030655,3.96508223080413e-18,0.08333333333333334,0.022953076556913744,0.008035714285714287,0.0,1.982541115402065e-18
2021-08-02,0.7142857142857143,,0.14285714285714285,0.5714285714285714,0.14285714285714285,,0.0,0.031712744927030655,,0.08333333333333334,0.022953076556913744,0.008035714285714287,,1.982541115402065e-18
2021-08-03,0.7857142857142857,0.0,0.07142857142857142,0.5714285714285714,0.14285714285714285,,0.0,0.040641316355602086,3.96508223080413e-18,0.07142857142857142,0.022953076556913744,0.008035714285714287,,1.982541115402065e-18
2021-08-04,1.0714285714285714,0.0,0.07142857142857142,0.5,0.07142857142857142,0.0,0.07142857142857142,0.05744803904467772,3.96508223080413e-18,0.07142857142857142,0.02049002236972162,0.0035714285714285718,0.0,0.007142857142857145
2021-08-05,1.0,0.0,0.07142857142857142,0.5,0.07142857142857142,0.0,0.07142857142857142,0.05459089618753486,3.96508223080413e-18,0.07142857142857142,0.02049002236972162,0.0035714285714285718,0.0,0.007142857142857145
2021-08-06,1.0714285714285714,0.0,0.07142857142857142,0.5,0.07142857142857142,,0.14285714285714285,0.05855915015578883,3.96508223080413e-18,0.07142857142857142,0.02049002236972162,0.0035714285714285718,,0.011904761904761906
2021-08-07,1.0,0.0,0.0,0.5,0.07142857142857142,,0.14285714285714285,0.05703289862953731,3.96508223080413e-18,0.0,0.02049002236972162,0.0035714285714285718,,0.011904761904761906
2021-08-08,0.9285714285714286,0.0,0.0,0.5,0.07142857142857142,,0.14285714285714285,0.054992082303006694,3.96508223080413e-18,0.0,0.02049002236972162,0.0035714285714285718,,0.011904761904761906
2021-08-09,0.9285714285714286,0.0,0.0,0.5714285714285714,0.07142857142857142,0.0,0.14285714285714285,0.054992082303006694,3.96508223080413e-18,0.0,0.02207732395702321,0.0035714285714285718,0.0,0.011904761904761906
2021-08-10,1.0,0.0,0.0,0.5714285714285714,0.07142857142857142,,0.14285714285714285,0.05822707195103983,3.96508223080413e-18,0.0,0.02207732395702321,0.0035714285714285718,,0.011904761904761906
2021-08-11,1.0714285714285714,0.0,0.0,0.5,0.07142857142857142,0.0,0.14285714285714285,0.06060802433199221,3.96508223080413e-18,0.0,0.01933007120977046,0.0035714285714285718,0.0,0.011904761904761906
2021-08-12,1.0714285714285714,0.0,0.0,0.6428571428571429,0.07142857142857142,,0.21428571428571427,0.06193077565474354,3.96508223080413e-18,0.0,0.018676262775641658,0.0035714285714285718,,0.014550264550264551
2021-08-13,1.0,,0.0,0.35714285714285715,0.0,,0.21428571428571427,0.05918352290749079,,0.0,0.008094252193631076,0.0,,0.014550264550264551
2021-08-14,0.9285714285714286,0.0,0.0,0.2857142857142857,0.0,,0.21428571428571427,0.05643627016023805,3.96508223080413e-18,0.0,0.004692891649413389,0.0,,0.014550264550264551
2021-08-15,1.0714285714285714,0.0,0.07142857142857142,0.2857142857142857,0.0,,0.21428571428571427,0.06040452412849202,3.96508223080413e-18,0.003968253968253968,0.004692891649413389,0.0,,0.014550264550264551
2021-08-16,1.1428571428571428,0.0,0.14285714285714285,0.5,0.07142857142857142,,0.21428571428571427,0.05740332364829994,3.96508223080413e-18,0.010461760461760462,0.00845229014565399,0.000992063492063492,,0.014550264550264551
2021-08-17,1.2142857142857142,0.0,0.14285714285714285,0.5,0.14285714285714285,0.0,0.21428571428571427,0.05037951412449042,3.96508223080413e-18,0.010461760461760462,0.00845229014565399,0.001998099709367315,0.0,0.014550264550264551
2021-08-18,1.0,0.0,0.14285714285714285,0.5,0.14285714285714285,,0.14285714285714285,0.0377744721076837,3.96508223080413e-18,0.010461760461760462,0.00845229014565399,0.001998099709367315,,0.0074074074074074086
2021-08-19,1.0714285714285714,0.0,0.14285714285714285,0.5,0.14285714285714285,,0.21428571428571427,0.040078619573121484,3.96508223080413e-18,0.010461760461760462,0.00845229014565399,0.001998099709367315,,0.01051299746951921
2021-08-20,1.0714285714285714,0.0,0.14285714285714285,0.5,0.21428571428571427,0.0,0.14285714285714285,0.039357118851620757,3.96508223080413e-18,0.010461760461760462,0.00845229014565399,0.003783813995081601,0.0,0.005751092707614447
2021-08-21,1.1428571428571428,0.07142857142857142,0.14285714285714285,0.5,0.21428571428571427,,0.35714285714285715,0.041882371376873284,0.005494505494505498,0.010461760461760462,0.00845229014565399,0.003783813995081601,,0.01224459920112094
2021-08-22,1.1428571428571428,0.21428571428571427,0.14285714285714285,0.5,0.2857142857142857,,0.35714285714285715,0.038944832725048915,0.01144688644688645,0.010461760461760462,0.00845229014565399,0.005484494267190445,,0.01224459920112094
2021-08-23,1.2142857142857142,0.21428571428571427,0.14285714285714285,0.42857142857142855,0.2857142857142857,,0.35714285714285715,0.04291308669330289,0.01144688644688645,0.010461760461760462,0.006864988558352402,0.005484494267190445,,0.01224459920112094
2021-08-24,1.1428571428571428,0.21428571428571427,0.14285714285714285,0.42857142857142855,0.2857142857142857,0.0,0.35714285714285715,0.04090358724134819,0.01144688644688645,0.010461760461760462,0.006864988558352402,0.005484494267190445,0.0,0.01224459920112094
2021-08-25,1.1428571428571428,0.21428571428571427,0.14285714285714285,0.5,0.2857142857142857,,0.35714285714285715,0.040264795139141454,0.01144688644688645,0.010461760461760462,0.007601365583389222,0.005484494267190445,,0.01224459920112094
2021-08-26,1.2142857142857142,0.21428571428571427,0.14285714285714285,0.2857142857142857,0.2857142857142857,,0.35714285714285715,0.04309926225932286,0.01144688644688645,0.010461760461760462,0.00449577552127742,0.005484494267190445,,0.014701137371944825
2021-08-27,1.4285714285714286,0.21428571428571427,0.14285714285714285,0.35714285714285715,0.2857142857142857,,0.35714285714285715,0.05570430427612959,0.01144688644688645,0.010461760461760462,0.0056667357086310505,0.005484494267190445,,0.014701137371944825
2021-08-28,1.4285714285714286,0.21428571428571427,0.14285714285714285,0.35714285714285715,0.2857142857142857,,0.35714285714285715,0.05570430427612959,0.01144688644688645,0.010461760461760462,0.0056667357086310505,0.005484494267190445,,0.014701137371944825
2021-08-29,1.4285714285714286,0.21428571428571427,0.07142857142857142,1.2142857142857142,0.5,,0.9285714285714286,0.05539905397087928,0.01144688644688645,0.006493506493506494,0.02097285815761064,0.010142879360358145,,0.02084553061311226
2021-08-30,1.3571428571428572,0.21428571428571427,0.0,1.0,0.42857142857142855,,0.9285714285714286,0.05594371628024747,0.01144688644688645,0.0,0.01721345966137004,0.009150815868294653,,0.02084553061311226
2021-08-31,1.5,0.2857142857142857,0.0,1.0,0.35714285714285715,,1.0,0.06424303600813863,0.01794039294039294,0.0,0.01721345966137004,0.00814477965099083,,0.025309816327397976
2021-09-01,1.5,0.2857142857142857,0.0,1.0714285714285714,0.35714285714285715,,1.1428571428571428,0.06187285716737156,0.01794039294039294,0.0,0.018205523153433534,0.00814477965099083,,0.030235924701782213
2021-09-02,1.5,0.2857142857142857,0.14285714285714285,1.0714285714285714,0.5,,1.0714285714285714,0.06254490017812424,0.01794039294039294,0.008403361344537815,0.018205523153433534,0.009825451919898393,,0.027130334639670413
2021-09-03,1.6428571428571428,0.2857142857142857,0.14285714285714285,1.0714285714285714,0.42857142857142855,,1.2142857142857142,0.06334127361600712,0.01794039294039294,0.008403361344537815,0.018205523153433534,0.008039737634184108,,0.03173862957054599
2021-09-04,1.5,0.21428571428571427,0.14285714285714285,1.2857142857142858,0.42857142857142855,,1.0714285714285714,0.05684776712250062,0.012445887445887446,0.008403361344537815,0.022326402274312655,0.008039737634184108,,0.028816551648468063
2021-09-05,1.5,0.07142857142857142,0.14285714285714285,1.2857142857142858,0.6428571428571429,,1.1428571428571428,0.05825469352942703,0.006493506493506495,0.008403361344537815,0.022326402274312655,0.012983575634500514,,0.03146205429397071
2021-09-06,1.5714285714285714,0.14285714285714285,0.14285714285714285,1.3571428571428572,0.6428571428571429,,1.1428571428571428,0.05978094505567856,0.020779220779220783,0.008403361344537815,0.024256904204814585,0.012983575634500514,,0.03146205429397071
2021-09-07,1.6428571428571428,0.14285714285714285,0.14285714285714285,1.6428571428571428,0.6428571428571429,,1.2142857142857142,0.05966089703647088,0.020779220779220783,0.008403361344537815,0.03158291153082191,0.012983575634500514,,0.043366816198732616
2021-09-08,1.7857142857142858,0.14285714285714285,0.14285714285714285,1.5714285714285714,0.6428571428571429,,1.2857142857142858,0.06247800727444256,0.020779220779220783,0.008403361344537815,0.03084653450578509,0.012983575634500514,,0.04986032269223911
2021-09-09,1.8571428571428572,0.14285714285714285,0.14285714285714285,1.5714285714285714,0.7857142857142857,,1.2142857142857142,0.058110351121072115,0.020779220779220783,0.008403361344537815,0.03084653450578509,0.015899027529544245,,0.04475828187591258
2021-09-10,1.6428571428571428,0.14285714285714285,0.21428571428571427,1.5,0.7857142857142857,,1.2142857142857142,0.04550530910426539,0.020779220779220783,0.016339869281045753,0.029675574318431458,0.015899027529544245,,0.04475828187591258
2021-09-11,1.7142857142857142,0.14285714285714285,0.21428571428571427,1.5,0.8571428571428571,,1.3571428571428572,0.04705810413532129,0.020779220779220783,0.016339869281045753,0.029675574318431458,0.01729958775363388,,0.05190113901876973
2021-09-12,2.0,0.14285714285714285,0.21428571428571427,1.8571428571428572,0.7142857142857143,,1.3571428571428572,0.049431317776140564,0.020779220779220783,0.016339869281045753,0.028013111580527304,0.014264579283842798,,0.05845515847601499
2021-09-13,1.9285714285714286,0.14285714285714285,0.21428571428571427,2.0,0.7142857142857143,,1.4285714285714286,0.04678581513063792,0.020779220779220783,0.016339869281045753,0.030394063961479683,0.014264579283842798,,0.06321706323791974
2021-09-14,1.6428571428571428,0.21428571428571427,0.21428571428571427,2.142857142857143,0.7142857142857143,,1.3571428571428572,0.03658173349798487,0.030158730158730156,0.016339869281045753,0.03290032962564009,0.014264579283842798,,0.05875277752363404
2021-09-15,1.7142857142857142,0.21428571428571427,0.21428571428571427,2.0714285714285716,0.7857142857142857,,1.2142857142857142,0.04315359301102085,0.030158730158730156,0.016339869281045753,0.03190826613357659,0.01505823007749359,,0.053826669149249794
2021-09-16,1.9285714285714286,0.2857142857142857,0.07142857142857142,2.0714285714285716,0.6428571428571429,,1.2857142857142858,0.05208216443959228,0.034126984126984124,0.007936507936507936,0.03190826613357659,0.013377557808586028,,0.057228029693467485
2021-09-17,1.9285714285714286,0.2857142857142857,0.07142857142857142,2.0714285714285716,0.6428571428571429,,1.1428571428571428,0.05931723324367796,0.034126984126984124,0.007936507936507936,0.03190826613357659,0.013377557808586028,,0.052619734762591915
2021-09-18,1.9285714285714286,0.2857142857142857,0.07142857142857142,1.8571428571428572,0.6428571428571429,,1.0714285714285714,0.05931723324367796,0.034126984126984124,0.007936507936507936,0.027787387012697472,0.013377557808586028,,0.04904830619116334
2021-09-19,1.8571428571428572,0.2857142857142857,0.07142857142857142,2.0,0.35714285714285715,,1.0714285714285714,0.055745804672249384,0.034126984126984124,0.007936507936507936,0.03118874755691516,0.006733039536160779,,0.05235518449804165
