,AFD,CDUCSU,FDP,GRUENE,LINKE,SPD
2017-10-24,,,,,,
2017-10-25,,,,,,
2017-10-26,,,,,,
2017-10-27,,,,,,
2017-10-28,,,,,,
2017-10-29,,,,,,
2017-10-30,,,,,,
2017-10-31,,,,,,
2017-11-01,,,,,,
2017-11-02,,,,,,
2017-11-03,,,,,,
2017-11-04,,,,,,
2017-11-05,,,,,,
2017-11-06,2.0,0.0,0.0,1.0,0.0,0.0
2017-11-07,2.0,0.0,0.0,1.0,0.0,0.0
2017-11-08,3.0,0.0,0.0,1.0,0.0,0.0
2017-11-09,4.0,0.0,0.0,1.0,0.0,0.0
2017-11-10,4.0,0.0,0.0,1.0,0.0,0.0
2017-11-11,3.0,0.0,0.0,1.0,0.0,0.0
2017-11-12,4.0,0.0,0.0,1.0,0.0,0.0
2017-11-13,4.0,0.0,0.0,1.0,0.0,0.0
2017-11-14,4.0,0.0,0.0,1.0,0.0,0.0
2017-11-15,7.0,0.0,0.0,1.0,0.0,0.0
2017-11-16,8.0,0.0,0.0,1.0,0.0,0.0
2017-11-17,9.0,0.0,0.0,1.0,0.0,0.0
2017-11-18,9.0,0.0,0.0,1.0,0.0,0.0
2017-11-19,9.0,0.0,0.0,0.0,0.0,0.0
2017-11-20,8.0,0.0,0.0,0.0,0.0,1.0
2017-11-21,8.0,0.0,0.0,0.0,2.0,1.0
2017-11-22,7.0,0.0,0.0,0.0,2.0,1.0
2017-11-23,6.0,0.0,0.0,0.0,2.0,1.0
2017-11-24,7.0,0.0,0.0,0.0,2.0,1.0
2017-11-25,7.0,0.0,0.0,0.0,2.0,2.0
2017-11-26,7.0,0.0,0.0,0.0,2.0,2.0
2017-11-27,7.0,0.0,0.0,0.0,2.0,2.0
2017-11-28,7.0,0.0,0.0,0.0,2.0,2.0
2017-11-29,4.0,0.0,0.0,0.0,2.0,2.0
2017-11-30,3.0,0.0,0.0,0.0,2.0,2.0
2017-12-01,2.0,0.0,0.0,1.0,2.0,2.0
2017-12-02,2.0,0.0,0.0,1.0,2.0,2.0
2017-12-03,2.0,0.0,0.0,1.0,2.0,2.0
2017-12-04,2.0,0.0,0.0,1.0,2.0,1.0
2017-12-05,2.0,0.0,0.0,1.0,0.0,1.0
2017-12-06,2.0,0.0,0.0,1.0,0.0,1.0
2017-12-07,2.0,0.0,0.0,1.0,1.0,1.0
2017-12-08,1.0,0.0,0.0,1.0,1.0,1.0
2017-12-09,1.0,0.0,0.0,1.0,1.0,0.0
2017-12-10,1.0,0.0,0.0,1.0,1.0,0.0
2017-12-11,1.0,0.0,0.0,1.0,1.0,0.0
2017-12-12,1.0,0.0,0.0,1.0,1.0,1.0
2017-12-13,1.0,0.0,0.0,1.0,1.0,1.0
2017-12-14,1.0,0.0,0.0,1.0,1.0,1.0
2017-12-15,1.0,0.0,0.0,0.0,1.0,1.0
2017-12-16,1.0,0.0,0.0,0.0,1.0,1.0
2017-12-17,1.0,0.0,0.0,0.0,1.0,1.0
2017-12-18,2.0,0.0,0.0,0.0,1.0,1.0
2017-12-19,2.0,0.0,0.0,0.0,1.0,1.0
2017-12-20,2.0,1.0,0.0,0.0,1.0,1.0
2017-12-21,3.0,1.0,0.0,0.0,0.0,1.0
2017-12-22,3.0,1.0,0.0,0.0,0.0,1.0
2017-12-23,4.0,1.0,1.0,0.0,0.0,1.0
2017-12-24,3.0,1.0,1.0,0.0,0.0,1.0
2017-12-25,3.0,1.0,1.0,0.0,0.0,1.0
2017-12-26,3.0,1.0,1.0,0.0,0.0,0.0
2017-12-27,3.0,1.0,1.0,0.0,0.0,0.0
2017-12-28,3.0,1.0,1.0,0.0,0.0,0.0
2017-12-29,3.0,1.0,1.0,0.0,0.0,0.0
2017-12-30,3.0,1.0,1.0,0.0,0.0,0.0
2017-12-31,3.0,1.0,1.0,0.0,0.0,0.0
2018-01-01,2.0,1.0,1.0,0.0,0.0,0.0
2018-01-02,2.0,1.0,1.0,0.0,0.0,0.0
2018-01-03,8.0,0.0,1.0,0.0,3.0,0.0
2018-01-04,7.0,1.0,1.0,0.0,3.0,0.0
2018-01-05,7.0,1.0,1.0,0.0,3.0,0.0
2018-01-06,7.0,1.0,0.0,0.0,3.0,0.0
2018-01-07,7.0,1.0,0.0,0.0,3.0,0.0
2018-01-08,7.0,1.0,0.0,1.0,4.0,0.0
2018-01-09,7.0,1.0,0.0,1.0,4.0,0.0
2018-01-10,7.0,1.0,0.0,1.0,4.0,0.0
2018-01-11,7.0,1.0,0.0,1.0,4.0,0.0
2018-01-12,7.0,1.0,0.0,1.0,4.0,0.0
2018-01-13,7.0,1.0,0.0,1.0,4.0,0.0
2018-01-14,7.0,1.0,0.0,1.0,4.0,0.0
2018-01-15,7.0,1.0,0.0,3.0,4.0,0.0
2018-01-16,7.0,1.0,0.0,3.0,4.0,0.0
2018-01-17,1.0,1.0,0.0,3.0,1.0,0.0
2018-01-18,1.0,0.0,0.0,3.0,1.0,0.0
2018-01-19,1.0,0.0,0.0,4.0,1.0,0.0
2018-01-20,0.0,0.0,0.0,4.0,1.0,0.0
2018-01-21,0.0,0.0,0.0,4.0,1.0,0.0
2018-01-22,0.0,0.0,0.0,3.0,0.0,0.0
2018-01-23,1.0,0.0,0.0,3.0,0.0,0.0
2018-01-24,1.0,0.0,0.0,3.0,0.0,0.0
2018-01-25,1.0,0.0,0.0,3.0,0.0,0.0
2018-01-26,1.0,0.0,0.0,3.0,0.0,0.0
2018-01-27,1.0,0.0,0.0,3.0,0.0,0.0
2018-01-28,1.0,0.0,0.0,3.0,0.0,0.0
2018-01-29,1.0,0.0,0.0,1.0,0.0,0.0
2018-01-30,1.0,0.0,0.0,1.0,0.0,0.0
2018-01-31,1.0,0.0,0.0,1.0,0.0,0.0
2018-02-01,2.0,0.0,0.0,1.0,0.0,0.0
2018-02-02,3.0,0.0,0.0,0.0,0.0,0.0
2018-02-03,3.0,0.0,0.0,0.0,0.0,0.0
2018-02-04,3.0,0.0,0.0,0.0,0.0,0.0
2018-02-05,3.0,0.0,0.0,0.0,0.0,0.0
2018-02-06,6.0,0.0,0.0,0.0,0.0,0.0
2018-02-07,7.0,0.0,0.0,0.0,0.0,0.0
2018-02-08,7.0,0.0,0.0,0.0,0.0,0.0
2018-02-09,7.0,0.0,0.0,0.0,0.0,0.0
2018-02-10,8.0,0.0,0.0,0.0,0.0,0.0
2018-02-11,8.0,0.0,0.0,0.0,0.0,0.0
2018-02-12,8.0,0.0,0.0,0.0,0.0,0.0
2018-02-13,8.0,0.0,0.0,0.0,0.0,0.0
2018-02-14,9.0,0.0,0.0,0.0,0.0,0.0
2018-02-15,9.0,0.0,0.0,0.0,0.0,0.0
2018-02-16,8.0,0.0,0.0,0.0,0.0,0.0
2018-02-17,10.0,0.0,0.0,0.0,0.0,0.0
2018-02-18,10.0,0.0,0.0,0.0,0.0,0.0
2018-02-19,10.0,0.0,0.0,0.0,0.0,0.0
2018-02-20,6.0,0.0,0.0,0.0,0.0,0.0
2018-02-21,5.0,0.0,0.0,0.0,0.0,0.0
2018-02-22,5.0,0.0,0.0,0.0,0.0,0.0
2018-02-23,5.0,0.0,0.0,0.0,0.0,0.0
2018-02-24,4.0,0.0,0.0,0.0,0.0,0.0
2018-02-25,4.0,0.0,0.0,0.0,0.0,0.0
2018-02-26,4.0,1.0,0.0,0.0,0.0,0.0
2018-02-27,4.0,1.0,0.0,0.0,0.0,0.0
2018-02-28,3.0,1.0,0.0,0.0,0.0,0.0
2018-03-01,2.0,1.0,0.0,0.0,0.0,0.0
2018-03-02,2.0,1.0,0.0,1.0,0.0,0.0
2018-03-03,1.0,1.0,0.0,1.0,0.0,0.0
2018-03-04,2.0,1.0,0.0,1.0,0.0,0.0
2018-03-05,3.0,2.0,0.0,1.0,0.0,0.0
2018-03-06,3.0,2.0,0.0,1.0,0.0,0.0
2018-03-07,3.0,2.0,0.0,2.0,3.0,1.0
2018-03-08,3.0,2.0,1.0,5.0,5.0,2.0
2018-03-09,3.0,2.0,1.0,5.0,5.0,2.0
2018-03-10,3.0,2.0,1.0,5.0,5.0,2.0
2018-03-11,3.0,2.0,1.0,5.0,5.0,2.0
2018-03-12,3.0,1.0,1.0,5.0,5.0,2.0
2018-03-13,5.0,1.0,1.0,5.0,5.0,2.0
2018-03-14,5.0,1.0,1.0,5.0,5.0,2.0
2018-03-15,6.0,1.0,1.0,6.0,5.0,2.0
2018-03-16,7.0,1.0,1.0,5.0,5.0,4.0
2018-03-17,6.0,1.0,1.0,5.0,5.0,4.0
2018-03-18,5.0,1.0,1.0,7.0,5.0,4.0
2018-03-19,4.0,0.0,1.0,7.0,5.0,4.0
2018-03-20,4.0,0.0,1.0,7.0,5.0,4.0
2018-03-21,4.0,0.0,1.0,6.0,2.0,3.0
2018-03-22,4.0,0.0,0.0,3.0,0.0,2.0
2018-03-23,4.0,0.0,0.0,4.0,0.0,2.0
2018-03-24,4.0,0.0,0.0,4.0,0.0,2.0
2018-03-25,4.0,0.0,0.0,4.0,0.0,2.0
2018-03-26,4.0,0.0,1.0,4.0,0.0,2.0
2018-03-27,2.0,0.0,1.0,4.0,0.0,2.0
2018-03-28,2.0,0.0,1.0,4.0,0.0,2.0
2018-03-29,1.0,0.0,1.0,3.0,0.0,2.0
2018-03-30,0.0,0.0,1.0,3.0,0.0,0.0
2018-03-31,0.0,0.0,1.0,3.0,0.0,0.0
2018-04-01,0.0,0.0,1.0,1.0,0.0,0.0
2018-04-02,0.0,0.0,1.0,1.0,0.0,0.0
2018-04-03,1.0,0.0,1.0,1.0,0.0,0.0
2018-04-04,1.0,0.0,1.0,1.0,0.0,0.0
2018-04-05,1.0,0.0,1.0,1.0,0.0,0.0
2018-04-06,1.0,0.0,1.0,0.0,0.0,0.0
2018-04-07,1.0,0.0,1.0,0.0,0.0,0.0
2018-04-08,1.0,0.0,1.0,0.0,0.0,0.0
2018-04-09,2.0,1.0,0.0,0.0,0.0,0.0
2018-04-10,2.0,1.0,0.0,0.0,0.0,0.0
2018-04-11,2.0,1.0,0.0,0.0,0.0,0.0
2018-04-12,2.0,1.0,0.0,0.0,0.0,0.0
2018-04-13,4.0,1.0,0.0,1.0,0.0,0.0
2018-04-14,5.0,1.0,0.0,1.0,0.0,0.0
2018-04-15,5.0,1.0,0.0,1.0,0.0,0.0
2018-04-16,5.0,1.0,0.0,1.0,0.0,0.0
2018-04-17,4.0,1.0,0.0,1.0,0.0,0.0
2018-04-18,4.0,1.0,0.0,1.0,0.0,0.0
2018-04-19,4.0,1.0,0.0,1.0,0.0,0.0
2018-04-20,4.0,1.0,0.0,1.0,0.0,0.0
2018-04-21,4.0,1.0,0.0,1.0,0.0,0.0
2018-04-22,4.0,1.0,0.0,1.0,0.0,0.0
2018-04-23,3.0,0.0,0.0,1.0,0.0,0.0
2018-04-24,3.0,0.0,0.0,1.0,0.0,0.0
2018-04-25,3.0,0.0,0.0,1.0,0.0,0.0
2018-04-26,3.0,0.0,0.0,1.0,0.0,0.0
2018-04-27,1.0,0.0,0.0,0.0,0.0,0.0
2018-04-28,0.0,0.0,0.0,0.0,0.0,0.0
2018-04-29,0.0,0.0,0.0,0.0,0.0,0.0
2018-04-30,0.0,1.0,0.0,0.0,0.0,0.0
2018-05-01,0.0,1.0,0.0,0.0,0.0,0.0
2018-05-02,0.0,1.0,0.0,0.0,0.0,0.0
2018-05-03,0.0,1.0,0.0,0.0,0.0,0.0
2018-05-04,0.0,1.0,0.0,0.0,0.0,0.0
2018-05-05,0.0,1.0,0.0,0.0,0.0,0.0
2018-05-06,0.0,1.0,0.0,0.0,0.0,0.0
2018-05-07,0.0,1.0,0.0,0.0,0.0,0.0
2018-05-08,0.0,1.0,0.0,0.0,0.0,0.0
2018-05-09,0.0,1.0,0.0,0.0,0.0,0.0
2018-05-10,1.0,1.0,0.0,0.0,1.0,0.0
2018-05-11,1.0,1.0,0.0,0.0,1.0,0.0
2018-05-12,1.0,1.0,0.0,1.0,1.0,0.0
2018-05-13,1.0,1.0,0.0,1.0,1.0,0.0
2018-05-14,1.0,0.0,3.0,1.0,1.0,0.0
2018-05-15,3.0,0.0,3.0,1.0,1.0,0.0
2018-05-16,3.0,0.0,3.0,1.0,1.0,0.0
2018-05-17,3.0,0.0,3.0,1.0,1.0,0.0
2018-05-18,3.0,0.0,3.0,1.0,1.0,0.0
2018-05-19,3.0,0.0,3.0,1.0,1.0,0.0
2018-05-20,5.0,1.0,3.0,1.0,1.0,0.0
2018-05-21,5.0,2.0,3.0,1.0,1.0,0.0
2018-05-22,5.0,2.0,3.0,1.0,1.0,0.0
2018-05-23,5.0,2.0,3.0,1.0,1.0,0.0
2018-05-24,4.0,2.0,3.0,2.0,0.0,0.0
2018-05-25,4.0,2.0,3.0,2.0,0.0,0.0
2018-05-26,4.0,2.0,3.0,2.0,0.0,0.0
2018-05-27,4.0,2.0,3.0,2.0,1.0,0.0
2018-05-28,4.0,2.0,0.0,2.0,1.0,0.0
2018-05-29,2.0,2.0,0.0,2.0,1.0,1.0
2018-05-30,2.0,2.0,0.0,2.0,1.0,1.0
2018-05-31,2.0,2.0,0.0,2.0,1.0,1.0
2018-06-01,2.0,2.0,0.0,2.0,1.0,1.0
2018-06-02,2.0,2.0,0.0,2.0,2.0,1.0
2018-06-03,0.0,1.0,0.0,2.0,2.0,1.0
2018-06-04,1.0,0.0,0.0,2.0,2.0,1.0
2018-06-05,1.0,0.0,0.0,2.0,2.0,1.0
2018-06-06,1.0,0.0,0.0,2.0,2.0,1.0
2018-06-07,1.0,0.0,0.0,1.0,2.0,1.0
2018-06-08,1.0,0.0,0.0,1.0,2.0,1.0
2018-06-09,1.0,0.0,0.0,0.0,2.0,1.0
2018-06-10,1.0,0.0,0.0,0.0,1.0,1.0
2018-06-11,2.0,0.0,0.0,2.0,4.0,1.0
2018-06-12,2.0,0.0,0.0,2.0,4.0,0.0
2018-06-13,2.0,0.0,0.0,2.0,4.0,0.0
2018-06-14,3.0,0.0,0.0,2.0,4.0,0.0
2018-06-15,3.0,0.0,0.0,2.0,4.0,0.0
2018-06-16,3.0,0.0,0.0,2.0,3.0,0.0
2018-06-17,3.0,0.0,0.0,2.0,3.0,0.0
2018-06-18,2.0,0.0,0.0,2.0,3.0,0.0
2018-06-19,2.0,0.0,0.0,2.0,3.0,0.0
2018-06-20,2.0,0.0,0.0,2.0,3.0,0.0
2018-06-21,2.0,0.0,0.0,2.0,3.0,0.0
2018-06-22,2.0,0.0,0.0,2.0,3.0,0.0
2018-06-23,2.0,0.0,0.0,3.0,3.0,0.0
2018-06-24,2.0,0.0,0.0,3.0,3.0,0.0
2018-06-25,1.0,0.0,0.0,1.0,0.0,0.0
2018-06-26,1.0,0.0,0.0,1.0,0.0,0.0
2018-06-27,1.0,0.0,0.0,1.0,0.0,0.0
2018-06-28,0.0,0.0,0.0,1.0,2.0,0.0
2018-06-29,0.0,0.0,0.0,1.0,2.0,0.0
2018-06-30,0.0,0.0,0.0,1.0,2.0,0.0
2018-07-01,0.0,0.0,0.0,1.0,2.0,0.0
2018-07-02,0.0,0.0,0.0,1.0,2.0,0.0
2018-07-03,0.0,0.0,0.0,2.0,2.0,0.0
2018-07-04,1.0,0.0,0.0,2.0,2.0,0.0
2018-07-05,1.0,0.0,0.0,2.0,2.0,0.0
2018-07-06,1.0,0.0,0.0,2.0,3.0,0.0
2018-07-07,1.0,0.0,0.0,1.0,3.0,0.0
2018-07-08,1.0,0.0,0.0,1.0,3.0,0.0
2018-07-09,1.0,0.0,0.0,1.0,3.0,0.0
2018-07-10,1.0,0.0,0.0,1.0,3.0,0.0
2018-07-11,1.0,0.0,0.0,1.0,3.0,0.0
2018-07-12,1.0,0.0,0.0,1.0,1.0,0.0
2018-07-13,1.0,0.0,0.0,1.0,3.0,0.0
2018-07-14,1.0,0.0,0.0,1.0,3.0,0.0
2018-07-15,1.0,0.0,0.0,1.0,3.0,0.0
2018-07-16,1.0,0.0,0.0,1.0,3.0,0.0
2018-07-17,1.0,0.0,0.0,0.0,3.0,0.0
2018-07-18,0.0,0.0,0.0,0.0,3.0,0.0
2018-07-19,1.0,0.0,0.0,1.0,3.0,0.0
2018-07-20,2.0,0.0,0.0,1.0,2.0,0.0
2018-07-21,2.0,0.0,0.0,1.0,2.0,0.0
2018-07-22,2.0,0.0,0.0,1.0,2.0,0.0
2018-07-23,2.0,0.0,0.0,1.0,2.0,0.0
2018-07-24,2.0,0.0,0.0,1.0,2.0,0.0
2018-07-25,2.0,0.0,0.0,1.0,2.0,0.0
2018-07-26,2.0,0.0,0.0,1.0,3.0,0.0
2018-07-27,2.0,0.0,0.0,1.0,1.0,0.0
2018-07-28,2.0,0.0,0.0,1.0,1.0,0.0
2018-07-29,2.0,0.0,0.0,1.0,1.0,0.0
2018-07-30,2.0,0.0,0.0,1.0,1.0,0.0
2018-07-31,3.0,0.0,0.0,1.0,1.0,2.0
2018-08-01,3.0,0.0,0.0,1.0,1.0,2.0
2018-08-02,3.0,0.0,0.0,0.0,1.0,2.0
2018-08-03,2.0,0.0,0.0,0.0,1.0,2.0
2018-08-04,2.0,0.0,0.0,0.0,1.0,2.0
2018-08-05,3.0,0.0,0.0,0.0,1.0,2.0
2018-08-06,3.0,0.0,0.0,0.0,1.0,2.0
2018-08-07,3.0,0.0,0.0,0.0,1.0,2.0
2018-08-08,5.0,0.0,0.0,0.0,1.0,2.0
2018-08-09,5.0,0.0,0.0,0.0,0.0,2.0
2018-08-10,6.0,0.0,0.0,0.0,0.0,2.0
2018-08-11,6.0,0.0,0.0,0.0,0.0,2.0
2018-08-12,6.0,0.0,0.0,0.0,0.0,2.0
2018-08-13,6.0,0.0,0.0,1.0,0.0,2.0
2018-08-14,5.0,0.0,0.0,1.0,0.0,0.0
2018-08-15,10.0,0.0,0.0,1.0,0.0,0.0
2018-08-16,10.0,0.0,1.0,1.0,0.0,0.0
2018-08-17,11.0,0.0,1.0,1.0,0.0,0.0
2018-08-18,12.0,0.0,1.0,1.0,0.0,0.0
2018-08-19,11.0,0.0,1.0,1.0,0.0,0.0
2018-08-20,11.0,0.0,1.0,1.0,0.0,0.0
2018-08-21,11.0,0.0,1.0,1.0,0.0,0.0
2018-08-22,9.0,0.0,1.0,1.0,0.0,0.0
2018-08-23,9.0,0.0,2.0,4.0,0.0,0.0
2018-08-24,8.0,0.0,2.0,4.0,0.0,0.0
2018-08-25,8.0,0.0,2.0,4.0,0.0,0.0
2018-08-26,8.0,0.0,2.0,5.0,0.0,0.0
2018-08-27,8.0,0.0,2.0,4.0,0.0,0.0
2018-08-28,8.0,0.0,2.0,4.0,0.0,0.0
2018-08-29,4.0,0.0,2.0,4.0,0.0,0.0
2018-08-30,3.0,0.0,1.0,4.0,0.0,0.0
2018-08-31,2.0,0.0,1.0,4.0,0.0,0.0
2018-09-01,1.0,0.0,1.0,5.0,0.0,0.0
2018-09-02,1.0,0.0,1.0,5.0,0.0,0.0
2018-09-03,1.0,0.0,1.0,5.0,0.0,0.0
2018-09-04,1.0,0.0,1.0,5.0,0.0,0.0
2018-09-05,3.0,0.0,1.0,5.0,0.0,0.0
2018-09-06,4.0,0.0,0.0,2.0,1.0,0.0
2018-09-07,5.0,0.0,0.0,2.0,1.0,0.0
2018-09-08,5.0,0.0,0.0,2.0,1.0,0.0
2018-09-09,7.0,0.0,0.0,1.0,1.0,0.0
2018-09-10,8.0,0.0,0.0,1.0,3.0,0.0
2018-09-11,8.0,0.0,0.0,1.0,3.0,0.0
2018-09-12,7.0,0.0,0.0,1.0,3.0,0.0
2018-09-13,7.0,0.0,0.0,1.0,3.0,0.0
2018-09-14,8.0,0.0,0.0,1.0,3.0,0.0
2018-09-15,8.0,0.0,0.0,0.0,3.0,0.0
2018-09-16,8.0,0.0,0.0,0.0,3.0,0.0
2018-09-17,8.0,0.0,0.0,0.0,3.0,0.0
2018-09-18,9.0,0.0,0.0,0.0,3.0,0.0
2018-09-19,7.0,0.0,0.0,0.0,3.0,0.0
2018-09-20,6.0,0.0,0.0,0.0,2.0,0.0
2018-09-21,5.0,0.0,0.0,0.0,2.0,0.0
2018-09-22,6.0,0.0,0.0,0.0,2.0,0.0
2018-09-23,4.0,0.0,0.0,0.0,2.0,0.0
2018-09-24,3.0,0.0,0.0,0.0,0.0,0.0
2018-09-25,3.0,0.0,0.0,0.0,0.0,0.0
2018-09-26,4.0,0.0,0.0,0.0,0.0,0.0
2018-09-27,5.0,0.0,0.0,0.0,0.0,0.0
2018-09-28,4.0,0.0,0.0,1.0,0.0,0.0
2018-09-29,4.0,0.0,0.0,1.0,0.0,0.0
2018-09-30,4.0,0.0,0.0,1.0,0.0,0.0
2018-10-01,4.0,0.0,0.0,1.0,0.0,0.0
2018-10-02,3.0,0.0,0.0,1.0,0.0,0.0
2018-10-03,3.0,0.0,0.0,1.0,0.0,0.0
2018-10-04,3.0,0.0,0.0,1.0,0.0,0.0
2018-10-05,3.0,0.0,0.0,1.0,0.0,2.0
2018-10-06,2.0,0.0,0.0,2.0,0.0,2.0
2018-10-07,2.0,0.0,0.0,2.0,0.0,2.0
2018-10-08,2.0,0.0,0.0,2.0,0.0,2.0
2018-10-09,3.0,0.0,0.0,2.0,0.0,2.0
2018-10-10,4.0,0.0,0.0,4.0,0.0,2.0
2018-10-11,3.0,0.0,0.0,4.0,0.0,2.0
2018-10-12,4.0,0.0,0.0,3.0,0.0,2.0
2018-10-13,5.0,0.0,0.0,3.0,0.0,2.0
2018-10-14,6.0,0.0,0.0,3.0,0.0,2.0
2018-10-15,6.0,0.0,0.0,3.0,0.0,2.0
2018-10-16,6.0,0.0,0.0,4.0,0.0,2.0
2018-10-17,7.0,0.0,0.0,6.0,1.0,2.0
2018-10-18,7.0,0.0,0.0,6.0,1.0,2.0
2018-10-19,8.0,0.0,0.0,6.0,1.0,0.0
2018-10-20,8.0,0.0,0.0,5.0,1.0,0.0
2018-10-21,9.0,0.0,0.0,5.0,1.0,0.0
2018-10-22,9.0,0.0,0.0,5.0,1.0,0.0
2018-10-23,9.0,0.0,0.0,5.0,1.0,0.0
2018-10-24,7.0,0.0,0.0,4.0,3.0,0.0
2018-10-25,7.0,0.0,0.0,4.0,3.0,0.0
2018-10-26,6.0,0.0,0.0,4.0,3.0,0.0
2018-10-27,5.0,0.0,0.0,4.0,3.0,0.0
2018-10-28,4.0,0.0,0.0,4.0,3.0,0.0
2018-10-29,4.0,0.0,0.0,4.0,3.0,0.0
2018-10-30,4.0,0.0,0.0,3.0,3.0,0.0
2018-10-31,3.0,0.0,0.0,2.0,2.0,0.0
2018-11-01,3.0,0.0,0.0,2.0,2.0,0.0
2018-11-02,3.0,0.0,0.0,2.0,2.0,0.0
2018-11-03,4.0,0.0,0.0,2.0,2.0,0.0
2018-11-04,3.0,0.0,0.0,2.0,2.0,0.0
2018-11-05,3.0,0.0,0.0,2.0,3.0,0.0
2018-11-06,2.0,0.0,0.0,2.0,4.0,0.0
2018-11-07,2.0,0.0,0.0,1.0,2.0,0.0
2018-11-08,2.0,0.0,0.0,1.0,2.0,0.0
2018-11-09,2.0,0.0,0.0,1.0,2.0,0.0
2018-11-10,2.0,1.0,0.0,1.0,3.0,0.0
2018-11-11,2.0,1.0,0.0,1.0,3.0,0.0
2018-11-12,2.0,1.0,0.0,1.0,4.0,0.0
2018-11-13,5.0,1.0,0.0,1.0,5.0,0.0
2018-11-14,5.0,1.0,0.0,0.0,5.0,0.0
2018-11-15,5.0,1.0,0.0,0.0,5.0,0.0
2018-11-16,4.0,2.0,0.0,0.0,5.0,0.0
2018-11-17,3.0,2.0,0.0,0.0,5.0,0.0
2018-11-18,3.0,2.0,0.0,0.0,5.0,0.0
2018-11-19,3.0,2.0,0.0,1.0,4.0,0.0
2018-11-20,3.0,2.0,0.0,1.0,3.0,0.0
2018-11-21,3.0,2.0,0.0,1.0,3.0,0.0
2018-11-22,4.0,2.0,0.0,1.0,3.0,0.0
2018-11-23,4.0,2.0,0.0,1.0,3.0,0.0
2018-11-24,4.0,1.0,0.0,1.0,2.0,0.0
2018-11-25,4.0,1.0,1.0,1.0,2.0,0.0
2018-11-26,4.0,1.0,1.0,1.0,1.0,0.0
2018-11-27,1.0,1.0,1.0,2.0,0.0,0.0
2018-11-28,1.0,1.0,1.0,2.0,1.0,0.0
2018-11-29,1.0,1.0,1.0,2.0,1.0,0.0
2018-11-30,1.0,0.0,1.0,2.0,1.0,0.0
2018-12-01,1.0,0.0,1.0,2.0,1.0,0.0
2018-12-02,1.0,0.0,1.0,2.0,1.0,0.0
2018-12-03,2.0,0.0,1.0,1.0,1.0,0.0
2018-12-04,2.0,0.0,1.0,1.0,2.0,0.0
2018-12-05,2.0,0.0,1.0,2.0,2.0,0.0
2018-12-06,1.0,0.0,1.0,3.0,2.0,0.0
2018-12-07,2.0,0.0,2.0,3.0,2.0,0.0
2018-12-08,2.0,0.0,2.0,3.0,2.0,0.0
2018-12-09,2.0,0.0,1.0,3.0,2.0,0.0
2018-12-10,2.0,0.0,1.0,3.0,2.0,0.0
2018-12-11,2.0,0.0,1.0,2.0,2.0,0.0
2018-12-12,3.0,0.0,1.0,2.0,1.0,0.0
2018-12-13,4.0,0.0,1.0,2.0,1.0,0.0
2018-12-14,4.0,0.0,1.0,2.0,1.0,0.0
2018-12-15,4.0,0.0,1.0,2.0,1.0,0.0
2018-12-16,4.0,0.0,1.0,2.0,1.0,0.0
2018-12-17,3.0,0.0,1.0,2.0,1.0,0.0
2018-12-18,3.0,0.0,2.0,6.0,1.0,0.0
2018-12-19,3.0,0.0,2.0,5.0,2.0,0.0
2018-12-20,4.0,0.0,2.0,4.0,2.0,0.0
2018-12-21,3.0,1.0,1.0,4.0,2.0,0.0
2018-12-22,4.0,1.0,1.0,4.0,2.0,0.0
2018-12-23,4.0,2.0,1.0,4.0,2.0,0.0
2018-12-24,4.0,2.0,1.0,4.0,2.0,0.0
2018-12-25,4.0,2.0,1.0,4.0,2.0,0.0
2018-12-26,3.0,2.0,1.0,4.0,2.0,0.0
2018-12-27,2.0,2.0,1.0,4.0,2.0,0.0
2018-12-28,2.0,2.0,1.0,4.0,2.0,0.0
2018-12-29,3.0,2.0,1.0,4.0,2.0,0.0
2018-12-30,3.0,2.0,1.0,4.0,3.0,0.0
2018-12-31,3.0,2.0,1.0,4.0,3.0,0.0
2019-01-01,3.0,2.0,0.0,0.0,2.0,0.0
2019-01-02,3.0,2.0,0.0,0.0,1.0,0.0
2019-01-03,2.0,2.0,0.0,0.0,1.0,0.0
2019-01-04,2.0,1.0,0.0,0.0,1.0,0.0
2019-01-05,1.0,1.0,0.0,0.0,1.0,0.0
2019-01-06,1.0,0.0,0.0,0.0,1.0,0.0
2019-01-07,1.0,0.0,0.0,0.0,1.0,0.0
2019-01-08,1.0,0.0,0.0,0.0,1.0,0.0
2019-01-09,1.0,0.0,0.0,0.0,1.0,0.0
2019-01-10,1.0,0.0,0.0,0.0,1.0,0.0
2019-01-11,1.0,0.0,0.0,0.0,1.0,2.0
2019-01-12,1.0,0.0,0.0,0.0,1.0,2.0
2019-01-13,2.0,0.0,0.0,0.0,0.0,2.0
2019-01-14,2.0,0.0,0.0,0.0,0.0,2.0
2019-01-15,2.0,0.0,0.0,0.0,0.0,2.0
2019-01-16,2.0,0.0,0.0,0.0,0.0,3.0
2019-01-17,4.0,0.0,0.0,0.0,0.0,3.0
2019-01-18,4.0,0.0,0.0,0.0,0.0,3.0
2019-01-19,5.0,0.0,0.0,1.0,0.0,3.0
2019-01-20,5.0,0.0,0.0,1.0,0.0,3.0
2019-01-21,5.0,0.0,0.0,1.0,0.0,3.0
2019-01-22,9.0,1.0,0.0,2.0,0.0,3.0
2019-01-23,11.0,2.0,0.0,2.0,0.0,3.0
2019-01-24,11.0,2.0,0.0,3.0,0.0,3.0
2019-01-25,11.0,2.0,0.0,3.0,0.0,1.0
2019-01-26,10.0,2.0,0.0,3.0,0.0,1.0
2019-01-27,9.0,2.0,0.0,3.0,0.0,1.0
2019-01-28,11.0,2.0,0.0,3.0,0.0,1.0
2019-01-29,13.0,6.0,1.0,5.0,0.0,1.0
2019-01-30,13.0,6.0,1.0,5.0,0.0,0.0
2019-01-31,14.0,6.0,1.0,5.0,0.0,0.0
2019-02-01,16.0,6.0,1.0,5.0,1.0,0.0
2019-02-02,15.0,6.0,1.0,4.0,1.0,0.0
2019-02-03,16.0,6.0,1.0,4.0,1.0,1.0
2019-02-04,18.0,6.0,1.0,5.0,1.0,1.0
2019-02-05,14.0,5.0,1.0,5.0,4.0,1.0
2019-02-06,12.0,4.0,1.0,5.0,4.0,1.0
2019-02-07,12.0,4.0,1.0,4.0,5.0,1.0
2019-02-08,12.0,4.0,1.0,4.0,5.0,1.0
2019-02-09,12.0,4.0,1.0,4.0,5.0,1.0
2019-02-10,12.0,4.0,1.0,4.0,5.0,1.0
2019-02-11,10.0,4.0,1.0,4.0,5.0,1.0
2019-02-12,8.0,0.0,0.0,2.0,5.0,1.0
2019-02-13,8.0,0.0,0.0,2.0,5.0,1.0
2019-02-14,5.0,0.0,0.0,2.0,5.0,1.0
2019-02-15,3.0,0.0,0.0,2.0,4.0,1.0
2019-02-16,3.0,0.0,0.0,2.0,4.0,1.0
2019-02-17,2.0,0.0,1.0,2.0,4.0,0.0
2019-02-18,1.0,0.0,1.0,1.0,4.0,0.0
2019-02-19,1.0,0.0,1.0,0.0,1.0,0.0
2019-02-20,2.0,0.0,1.0,0.0,1.0,0.0
2019-02-21,2.0,0.0,1.0,0.0,0.0,1.0
2019-02-22,2.0,0.0,1.0,1.0,0.0,1.0
2019-02-23,2.0,0.0,1.0,1.0,0.0,1.0
2019-02-24,2.0,1.0,1.0,1.0,1.0,1.0
2019-02-25,2.0,1.0,1.0,1.0,1.0,1.0
2019-02-26,2.0,1.0,1.0,1.0,1.0,1.0
2019-02-27,3.0,1.0,1.0,1.0,1.0,1.0
2019-02-28,4.0,1.0,1.0,1.0,1.0,1.0
2019-03-01,4.0,2.0,1.0,1.0,1.0,1.0
2019-03-02,4.0,2.0,1.0,1.0,1.0,2.0
2019-03-03,4.0,2.0,0.0,2.0,1.0,2.0
2019-03-04,5.0,3.0,0.0,2.0,1.0,2.0
2019-03-05,9.0,3.0,0.0,2.0,1.0,2.0
2019-03-06,8.0,3.0,0.0,4.0,1.0,2.0
2019-03-07,11.0,3.0,1.0,5.0,2.0,2.0
2019-03-08,12.0,6.0,1.0,4.0,2.0,4.0
2019-03-09,12.0,6.0,3.0,4.0,2.0,4.0
2019-03-10,13.0,5.0,3.0,4.0,2.0,4.0
2019-03-11,14.0,6.0,3.0,4.0,3.0,4.0
2019-03-12,15.0,6.0,3.0,5.0,3.0,4.0
2019-03-13,16.0,6.0,3.0,6.0,3.0,6.0
2019-03-14,16.0,6.0,3.0,6.0,3.0,6.0
2019-03-15,17.0,5.0,3.0,7.0,3.0,7.0
2019-03-16,17.0,5.0,3.0,7.0,3.0,6.0
2019-03-17,17.0,5.0,3.0,6.0,3.0,6.0
2019-03-18,16.0,7.0,6.0,11.0,3.0,11.0
2019-03-19,13.0,8.0,7.0,11.0,3.0,11.0
2019-03-20,18.0,8.0,7.0,9.0,3.0,11.0
2019-03-21,16.0,8.0,6.0,8.0,2.0,10.0
2019-03-22,15.0,5.0,6.0,8.0,3.0,8.0
2019-03-23,15.0,5.0,4.0,8.0,3.0,8.0
2019-03-24,14.0,5.0,4.0,8.0,2.0,8.0
2019-03-25,13.0,4.0,4.0,8.0,1.0,8.0
2019-03-26,12.0,4.0,4.0,7.0,1.0,8.0
2019-03-27,11.0,4.0,4.0,6.0,1.0,6.0
2019-03-28,10.0,4.0,4.0,6.0,1.0,6.0
2019-03-29,9.0,4.0,4.0,5.0,1.0,6.0
2019-03-30,9.0,4.0,4.0,5.0,1.0,6.0
2019-03-31,9.0,4.0,5.0,5.0,1.0,6.0
2019-04-01,8.0,1.0,2.0,1.0,1.0,1.0
2019-04-02,7.0,0.0,1.0,1.0,1.0,1.0
2019-04-03,4.0,0.0,1.0,1.0,1.0,1.0
2019-04-04,3.0,0.0,1.0,1.0,1.0,1.0
2019-04-05,3.0,0.0,1.0,1.0,0.0,1.0
2019-04-06,3.0,0.0,1.0,1.0,0.0,1.0
2019-04-07,3.0,0.0,1.0,1.0,0.0,1.0
2019-04-08,3.0,0.0,1.0,3.0,0.0,1.0
2019-04-09,3.0,0.0,1.0,3.0,0.0,1.0
2019-04-10,2.0,0.0,1.0,4.0,1.0,1.0
2019-04-11,2.0,0.0,1.0,5.0,1.0,1.0
2019-04-12,2.0,0.0,1.0,5.0,1.0,0.0
2019-04-13,2.0,0.0,1.0,5.0,1.0,0.0
2019-04-14,2.0,0.0,0.0,5.0,1.0,0.0
2019-04-15,2.0,0.0,0.0,4.0,1.0,0.0
2019-04-16,2.0,0.0,0.0,4.0,1.0,0.0
2019-04-17,2.0,0.0,0.0,4.0,1.0,0.0
2019-04-18,2.0,0.0,0.0,4.0,1.0,1.0
2019-04-19,2.0,0.0,0.0,4.0,1.0,1.0
2019-04-20,2.0,0.0,0.0,4.0,1.0,1.0
2019-04-21,2.0,0.0,0.0,4.0,1.0,1.0
2019-04-22,3.0,0.0,0.0,2.0,1.0,1.0
2019-04-23,3.0,0.0,0.0,2.0,1.0,1.0
2019-04-24,3.0,0.0,0.0,1.0,1.0,1.0
2019-04-25,5.0,0.0,0.0,0.0,1.0,1.0
2019-04-26,5.0,0.0,0.0,1.0,1.0,1.0
2019-04-27,5.0,0.0,0.0,1.0,1.0,1.0
2019-04-28,5.0,0.0,0.0,1.0,1.0,1.0
2019-04-29,6.0,0.0,0.0,2.0,1.0,1.0
2019-04-30,6.0,0.0,0.0,2.0,2.0,1.0
2019-05-01,4.0,0.0,0.0,2.0,2.0,1.0
2019-05-02,4.0,0.0,0.0,2.0,2.0,0.0
2019-05-03,4.0,0.0,0.0,2.0,2.0,0.0
2019-05-04,4.0,0.0,0.0,2.0,2.0,0.0
2019-05-05,4.0,0.0,0.0,2.0,2.0,0.0
2019-05-06,3.0,0.0,0.0,2.0,2.0,0.0
2019-05-07,4.0,0.0,0.0,2.0,2.0,0.0
2019-05-08,4.0,0.0,0.0,2.0,1.0,0.0
2019-05-09,4.0,0.0,0.0,2.0,1.0,0.0
2019-05-10,4.0,0.0,0.0,1.0,1.0,0.0
2019-05-11,4.0,0.0,0.0,1.0,1.0,0.0
2019-05-12,4.0,0.0,0.0,1.0,1.0,0.0
2019-05-13,4.0,0.0,0.0,0.0,1.0,0.0
2019-05-14,4.0,0.0,0.0,0.0,0.0,0.0
2019-05-15,5.0,0.0,0.0,0.0,0.0,0.0
2019-05-16,5.0,0.0,0.0,0.0,0.0,0.0
2019-05-17,7.0,0.0,0.0,0.0,0.0,0.0
2019-05-18,7.0,0.0,0.0,0.0,0.0,0.0
2019-05-19,7.0,0.0,0.0,1.0,0.0,0.0
2019-05-20,7.0,0.0,0.0,1.0,0.0,0.0
2019-05-21,6.0,0.0,0.0,1.0,0.0,0.0
2019-05-22,7.0,0.0,0.0,1.0,4.0,0.0
2019-05-23,5.0,0.0,0.0,1.0,4.0,0.0
2019-05-24,5.0,0.0,0.0,1.0,4.0,0.0
2019-05-25,5.0,0.0,0.0,1.0,4.0,0.0
2019-05-26,6.0,0.0,0.0,2.0,4.0,0.0
2019-05-27,5.0,0.0,0.0,3.0,4.0,0.0
2019-05-28,5.0,0.0,0.0,3.0,4.0,0.0
2019-05-29,4.0,0.0,0.0,3.0,4.0,0.0
2019-05-30,4.0,0.0,0.0,3.0,4.0,0.0
2019-05-31,3.0,0.0,0.0,3.0,4.0,0.0
2019-06-01,3.0,0.0,0.0,4.0,4.0,0.0
2019-06-02,3.0,0.0,0.0,3.0,4.0,0.0
2019-06-03,3.0,0.0,1.0,3.0,4.0,0.0
2019-06-04,3.0,0.0,1.0,3.0,4.0,0.0
2019-06-05,4.0,0.0,1.0,3.0,0.0,0.0
2019-06-06,4.0,0.0,1.0,3.0,1.0,0.0
2019-06-07,6.0,0.0,1.0,3.0,1.0,0.0
2019-06-08,6.0,0.0,1.0,3.0,1.0,0.0
2019-06-09,5.0,0.0,1.0,2.0,1.0,0.0
2019-06-10,5.0,1.0,1.0,2.0,1.0,0.0
2019-06-11,6.0,1.0,1.0,2.0,1.0,0.0
2019-06-12,7.0,1.0,1.0,2.0,1.0,0.0
2019-06-13,8.0,1.0,1.0,2.0,1.0,0.0
2019-06-14,8.0,1.0,1.0,2.0,1.0,0.0
2019-06-15,8.0,1.0,1.0,1.0,1.0,0.0
2019-06-16,9.0,1.0,1.0,1.0,2.0,0.0
2019-06-17,9.0,1.0,0.0,1.0,2.0,0.0
2019-06-18,10.0,1.0,0.0,1.0,3.0,0.0
2019-06-19,8.0,1.0,0.0,2.0,3.0,0.0
2019-06-20,9.0,1.0,0.0,2.0,2.0,0.0
2019-06-21,7.0,1.0,0.0,2.0,2.0,0.0
2019-06-22,7.0,1.0,0.0,2.0,2.0,0.0
2019-06-23,7.0,1.0,0.0,2.0,2.0,0.0
2019-06-24,7.0,0.0,1.0,1.0,2.0,0.0
2019-06-25,6.0,0.0,1.0,1.0,2.0,0.0
2019-06-26,5.0,0.0,1.0,1.0,2.0,0.0
2019-06-27,4.0,0.0,1.0,1.0,2.0,0.0
2019-06-28,3.0,0.0,2.0,2.0,2.0,0.0
2019-06-29,3.0,0.0,2.0,2.0,2.0,0.0
2019-06-30,2.0,0.0,2.0,2.0,1.0,0.0
2019-07-01,2.0,0.0,2.0,2.0,1.0,0.0
2019-07-02,1.0,0.0,2.0,2.0,0.0,0.0
2019-07-03,3.0,0.0,2.0,1.0,0.0,0.0
2019-07-04,2.0,0.0,2.0,1.0,0.0,0.0
2019-07-05,2.0,0.0,2.0,1.0,1.0,0.0
2019-07-06,2.0,0.0,2.0,1.0,1.0,0.0
2019-07-07,2.0,0.0,2.0,1.0,1.0,0.0
2019-07-08,2.0,0.0,1.0,1.0,2.0,0.0
2019-07-09,2.0,0.0,1.0,1.0,2.0,0.0
2019-07-10,3.0,0.0,1.0,1.0,2.0,0.0
2019-07-11,3.0,0.0,1.0,1.0,2.0,0.0
2019-07-12,3.0,0.0,0.0,0.0,2.0,0.0
2019-07-13,3.0,0.0,0.0,0.0,2.0,0.0
2019-07-14,3.0,0.0,0.0,0.0,2.0,0.0
2019-07-15,3.0,0.0,0.0,0.0,2.0,0.0
2019-07-16,3.0,0.0,0.0,1.0,2.0,0.0
2019-07-17,1.0,0.0,0.0,2.0,2.0,0.0
2019-07-18,1.0,0.0,0.0,2.0,2.0,0.0
2019-07-19,1.0,0.0,0.0,2.0,1.0,0.0
2019-07-20,2.0,0.0,0.0,2.0,1.0,0.0
2019-07-21,2.0,0.0,0.0,2.0,1.0,0.0
2019-07-22,2.0,0.0,0.0,2.0,0.0,0.0
2019-07-23,3.0,0.0,0.0,2.0,0.0,0.0
2019-07-24,2.0,0.0,0.0,2.0,0.0,0.0
2019-07-25,2.0,0.0,0.0,2.0,0.0,0.0
2019-07-26,2.0,0.0,0.0,2.0,0.0,0.0
2019-07-27,2.0,0.0,0.0,2.0,0.0,0.0
2019-07-28,2.0,0.0,0.0,2.0,0.0,0.0
2019-07-29,2.0,0.0,0.0,2.0,0.0,0.0
2019-07-30,2.0,0.0,0.0,1.0,0.0,0.0
2019-07-31,3.0,0.0,0.0,0.0,0.0,0.0
2019-08-01,3.0,0.0,0.0,0.0,0.0,0.0
2019-08-02,3.0,0.0,0.0,1.0,0.0,0.0
2019-08-03,2.0,0.0,0.0,1.0,0.0,0.0
2019-08-04,2.0,0.0,0.0,1.0,0.0,0.0
2019-08-05,2.0,0.0,0.0,1.0,0.0,0.0
2019-08-06,1.0,0.0,0.0,1.0,0.0,0.0
2019-08-07,1.0,0.0,0.0,1.0,0.0,2.0
2019-08-08,1.0,0.0,0.0,1.0,0.0,2.0
2019-08-09,1.0,0.0,0.0,1.0,0.0,2.0
2019-08-10,1.0,0.0,0.0,1.0,0.0,2.0
2019-08-11,1.0,0.0,0.0,1.0,0.0,2.0
2019-08-12,1.0,0.0,0.0,1.0,0.0,2.0
2019-08-13,1.0,0.0,0.0,1.0,0.0,2.0
2019-08-14,2.0,0.0,0.0,1.0,0.0,2.0
2019-08-15,2.0,0.0,0.0,1.0,0.0,2.0
2019-08-16,2.0,0.0,0.0,0.0,0.0,2.0
2019-08-17,2.0,0.0,0.0,0.0,0.0,2.0
2019-08-18,2.0,0.0,0.0,0.0,0.0,2.0
2019-08-19,2.0,0.0,0.0,0.0,0.0,2.0
2019-08-20,2.0,0.0,0.0,0.0,0.0,2.0
2019-08-21,2.0,0.0,0.0,0.0,0.0,0.0
2019-08-22,2.0,0.0,0.0,0.0,0.0,0.0
2019-08-23,2.0,0.0,0.0,0.0,0.0,0.0
2019-08-24,2.0,0.0,0.0,0.0,0.0,0.0
2019-08-25,2.0,0.0,0.0,0.0,0.0,0.0
2019-08-26,2.0,0.0,0.0,0.0,0.0,0.0
2019-08-27,2.0,0.0,0.0,0.0,0.0,0.0
2019-08-28,0.0,0.0,0.0,0.0,0.0,0.0
2019-08-29,0.0,0.0,0.0,0.0,0.0,0.0
2019-08-30,0.0,0.0,0.0,0.0,0.0,0.0
2019-08-31,0.0,0.0,0.0,0.0,0.0,0.0
2019-09-01,0.0,0.0,0.0,0.0,0.0,1.0
2019-09-02,0.0,0.0,0.0,0.0,0.0,1.0
2019-09-03,0.0,0.0,0.0,0.0,0.0,1.0
2019-09-04,0.0,0.0,0.0,0.0,2.0,1.0
2019-09-05,0.0,0.0,0.0,0.0,3.0,1.0
2019-09-06,0.0,0.0,0.0,1.0,3.0,1.0
2019-09-07,0.0,1.0,0.0,1.0,3.0,2.0
2019-09-08,1.0,1.0,0.0,1.0,3.0,2.0
2019-09-09,1.0,1.0,0.0,1.0,3.0,2.0
2019-09-10,1.0,1.0,0.0,1.0,4.0,3.0
2019-09-11,1.0,1.0,0.0,1.0,4.0,3.0
2019-09-12,3.0,1.0,0.0,1.0,4.0,3.0
2019-09-13,4.0,1.0,0.0,1.0,4.0,3.0
2019-09-14,4.0,1.0,0.0,1.0,4.0,3.0
2019-09-15,4.0,1.0,0.0,1.0,4.0,2.0
2019-09-16,4.0,1.0,0.0,1.0,4.0,2.0
2019-09-17,6.0,1.0,0.0,1.0,5.0,2.0
2019-09-18,7.0,1.0,0.0,1.0,3.0,2.0
2019-09-19,7.0,1.0,0.0,1.0,2.0,2.0
2019-09-20,7.0,1.0,0.0,0.0,2.0,2.0
2019-09-21,7.0,0.0,0.0,0.0,2.0,1.0
2019-09-22,6.0,0.0,0.0,0.0,2.0,1.0
2019-09-23,6.0,0.0,0.0,0.0,2.0,1.0
2019-09-24,6.0,0.0,0.0,0.0,1.0,0.0
2019-09-25,7.0,0.0,0.0,1.0,1.0,0.0
2019-09-26,5.0,0.0,0.0,1.0,1.0,0.0
2019-09-27,4.0,0.0,0.0,1.0,2.0,0.0
2019-09-28,5.0,0.0,0.0,1.0,2.0,0.0
2019-09-29,5.0,0.0,0.0,1.0,2.0,0.0
2019-09-30,5.0,0.0,0.0,1.0,2.0,0.0
2019-10-01,3.0,0.0,0.0,1.0,1.0,0.0
2019-10-02,2.0,0.0,0.0,1.0,1.0,0.0
2019-10-03,2.0,0.0,0.0,1.0,1.0,0.0
2019-10-04,2.0,0.0,0.0,2.0,1.0,0.0
2019-10-05,2.0,0.0,0.0,2.0,1.0,0.0
2019-10-06,2.0,0.0,0.0,2.0,1.0,0.0
2019-10-07,3.0,0.0,0.0,2.0,1.0,0.0
2019-10-08,3.0,0.0,0.0,2.0,1.0,0.0
2019-10-09,3.0,0.0,0.0,1.0,1.0,1.0
2019-10-10,3.0,0.0,0.0,1.0,1.0,1.0
2019-10-11,3.0,0.0,1.0,1.0,0.0,1.0
2019-10-12,2.0,0.0,1.0,1.0,0.0,1.0
2019-10-13,2.0,0.0,1.0,2.0,0.0,1.0
2019-10-14,2.0,0.0,1.0,2.0,0.0,1.0
2019-10-15,2.0,0.0,1.0,3.0,0.0,1.0
2019-10-16,2.0,0.0,1.0,3.0,0.0,1.0
2019-10-17,2.0,0.0,1.0,3.0,0.0,1.0
2019-10-18,2.0,0.0,1.0,2.0,1.0,2.0
2019-10-19,2.0,0.0,1.0,2.0,1.0,2.0
2019-10-20,3.0,1.0,1.0,2.0,1.0,2.0
2019-10-21,2.0,1.0,1.0,2.0,1.0,2.0
2019-10-22,2.0,1.0,1.0,2.0,1.0,2.0
2019-10-23,1.0,1.0,1.0,2.0,1.0,1.0
2019-10-24,2.0,1.0,1.0,2.0,1.0,1.0
2019-10-25,2.0,1.0,0.0,2.0,1.0,1.0
2019-10-26,2.0,1.0,0.0,2.0,1.0,1.0
2019-10-27,2.0,1.0,0.0,1.0,1.0,1.0
2019-10-28,2.0,1.0,1.0,1.0,1.0,1.0
2019-10-29,3.0,1.0,1.0,0.0,1.0,1.0
2019-10-30,3.0,1.0,1.0,0.0,1.0,1.0
2019-10-31,3.0,1.0,1.0,0.0,1.0,1.0
2019-11-01,3.0,1.0,1.0,0.0,0.0,0.0
2019-11-02,3.0,1.0,1.0,0.0,0.0,0.0
2019-11-03,2.0,0.0,1.0,0.0,0.0,0.0
2019-11-04,2.0,0.0,1.0,1.0,0.0,0.0
2019-11-05,2.0,0.0,1.0,1.0,0.0,0.0
2019-11-06,2.0,0.0,1.0,1.0,0.0,0.0
2019-11-07,1.0,0.0,1.0,1.0,0.0,0.0
2019-11-08,1.0,0.0,1.0,1.0,0.0,0.0
2019-11-09,1.0,0.0,1.0,1.0,0.0,0.0
2019-11-10,1.0,1.0,1.0,1.0,0.0,0.0
2019-11-11,1.0,1.0,0.0,1.0,0.0,0.0
2019-11-12,1.0,1.0,0.0,1.0,0.0,0.0
2019-11-13,2.0,1.0,0.0,1.0,0.0,0.0
2019-11-14,2.0,1.0,0.0,1.0,0.0,0.0
2019-11-15,2.0,1.0,1.0,1.0,0.0,0.0
2019-11-16,2.0,1.0,1.0,1.0,0.0,0.0
2019-11-17,2.0,1.0,1.0,1.0,0.0,0.0
2019-11-18,2.0,1.0,1.0,0.0,0.0,1.0
2019-11-19,2.0,1.0,1.0,0.0,0.0,1.0
2019-11-20,3.0,1.0,1.0,0.0,1.0,1.0
2019-11-21,3.0,1.0,1.0,0.0,1.0,1.0
2019-11-22,3.0,1.0,1.0,0.0,1.0,1.0
2019-11-23,3.0,1.0,1.0,0.0,1.0,1.0
2019-11-24,3.0,0.0,1.0,0.0,2.0,1.0
2019-11-25,3.0,0.0,1.0,0.0,2.0,1.0
2019-11-26,2.0,0.0,1.0,0.0,2.0,2.0
2019-11-27,3.0,0.0,1.0,1.0,2.0,2.0
2019-11-28,4.0,0.0,1.0,1.0,2.0,2.0
2019-11-29,4.0,0.0,0.0,1.0,2.0,2.0
2019-11-30,5.0,0.0,0.0,1.0,2.0,2.0
2019-12-01,5.0,0.0,0.0,1.0,2.0,2.0
2019-12-02,5.0,0.0,0.0,1.0,2.0,1.0
2019-12-03,5.0,0.0,0.0,1.0,2.0,1.0
2019-12-04,4.0,0.0,0.0,1.0,1.0,1.0
2019-12-05,4.0,0.0,0.0,1.0,1.0,1.0
2019-12-06,5.0,0.0,0.0,1.0,1.0,1.0
2019-12-07,5.0,0.0,0.0,1.0,1.0,1.0
2019-12-08,5.0,0.0,0.0,1.0,0.0,1.0
2019-12-09,5.0,0.0,0.0,1.0,0.0,4.0
2019-12-10,6.0,0.0,0.0,1.0,0.0,3.0
2019-12-11,4.0,0.0,0.0,1.0,0.0,3.0
2019-12-12,3.0,0.0,0.0,1.0,0.0,3.0
2019-12-13,3.0,0.0,0.0,1.0,0.0,3.0
2019-12-14,2.0,0.0,0.0,1.0,0.0,3.0
2019-12-15,2.0,0.0,0.0,1.0,0.0,3.0
2019-12-16,2.0,0.0,0.0,1.0,0.0,3.0
2019-12-17,2.0,0.0,0.0,1.0,0.0,3.0
2019-12-18,3.0,0.0,0.0,2.0,0.0,4.0
2019-12-19,3.0,0.0,0.0,2.0,0.0,4.0
2019-12-20,2.0,0.0,0.0,3.0,0.0,4.0
2019-12-21,3.0,0.0,0.0,3.0,0.0,4.0
2019-12-22,3.0,0.0,1.0,3.0,0.0,4.0
2019-12-23,3.0,0.0,1.0,3.0,0.0,1.0
2019-12-24,2.0,0.0,1.0,3.0,0.0,1.0
2019-12-25,2.0,0.0,1.0,2.0,0.0,1.0
2019-12-26,2.0,0.0,1.0,2.0,0.0,1.0
2019-12-27,2.0,0.0,1.0,2.0,0.0,1.0
2019-12-28,2.0,0.0,1.0,2.0,0.0,1.0
2019-12-29,2.0,0.0,1.0,2.0,0.0,1.0
2019-12-30,2.0,0.0,1.0,2.0,0.0,1.0
2019-12-31,2.0,0.0,1.0,2.0,0.0,1.0
2020-01-01,4.0,0.0,1.0,1.0,0.0,0.0
2020-01-02,4.0,0.0,1.0,1.0,0.0,0.0
2020-01-03,5.0,2.0,1.0,0.0,0.0,0.0
2020-01-04,7.0,2.0,1.0,0.0,0.0,0.0
2020-01-05,7.0,2.0,0.0,2.0,0.0,0.0
2020-01-06,7.0,2.0,0.0,2.0,0.0,0.0
2020-01-07,7.0,2.0,0.0,2.0,0.0,1.0
2020-01-08,7.0,2.0,0.0,2.0,0.0,1.0
2020-01-09,7.0,2.0,0.0,2.0,0.0,1.0
2020-01-10,7.0,2.0,0.0,2.0,0.0,1.0
2020-01-11,7.0,2.0,0.0,2.0,0.0,1.0
2020-01-12,7.0,3.0,0.0,2.0,0.0,1.0
2020-01-13,7.0,3.0,0.0,2.0,0.0,1.0
2020-01-14,9.0,3.0,0.0,2.0,0.0,1.0
2020-01-15,6.0,3.0,0.0,3.0,0.0,1.0
2020-01-16,6.0,3.0,0.0,3.0,0.0,1.0
2020-01-17,5.0,1.0,1.0,3.0,0.0,1.0
2020-01-18,2.0,1.0,1.0,3.0,0.0,1.0
2020-01-19,2.0,1.0,1.0,1.0,0.0,1.0
2020-01-20,2.0,1.0,1.0,1.0,0.0,1.0
2020-01-21,2.0,1.0,1.0,1.0,0.0,0.0
2020-01-22,2.0,1.0,1.0,1.0,0.0,0.0
2020-01-23,2.0,1.0,1.0,1.0,0.0,0.0
2020-01-24,2.0,1.0,1.0,1.0,0.0,0.0
2020-01-25,2.0,1.0,1.0,1.0,0.0,0.0
2020-01-26,2.0,0.0,1.0,1.0,0.0,0.0
2020-01-27,3.0,0.0,1.0,1.0,0.0,0.0
2020-01-28,1.0,0.0,1.0,1.0,0.0,0.0
2020-01-29,1.0,0.0,1.0,0.0,0.0,0.0
2020-01-30,1.0,0.0,1.0,0.0,0.0,0.0
2020-01-31,1.0,0.0,0.0,0.0,0.0,0.0
2020-02-01,1.0,0.0,0.0,0.0,0.0,0.0
2020-02-02,1.0,0.0,0.0,0.0,0.0,0.0
2020-02-03,1.0,0.0,0.0,1.0,0.0,0.0
2020-02-04,3.0,0.0,0.0,1.0,0.0,1.0
2020-02-05,4.0,0.0,0.0,1.0,0.0,1.0
2020-02-06,4.0,0.0,0.0,1.0,0.0,1.0
2020-02-07,4.0,0.0,0.0,3.0,0.0,1.0
2020-02-08,4.0,0.0,0.0,3.0,0.0,1.0
2020-02-09,4.0,0.0,0.0,3.0,0.0,1.0
2020-02-10,3.0,0.0,0.0,3.0,0.0,1.0
2020-02-11,3.0,0.0,1.0,3.0,0.0,1.0
2020-02-12,3.0,0.0,1.0,4.0,0.0,1.0
2020-02-13,4.0,0.0,1.0,4.0,0.0,1.0
2020-02-14,5.0,0.0,1.0,4.0,0.0,1.0
2020-02-15,5.0,1.0,1.0,4.0,0.0,1.0
2020-02-16,7.0,1.0,1.0,4.0,0.0,1.0
2020-02-17,7.0,1.0,1.0,3.0,0.0,1.0
2020-02-18,6.0,1.0,1.0,4.0,0.0,0.0
2020-02-19,5.0,1.0,1.0,4.0,0.0,0.0
2020-02-20,5.0,1.0,1.0,4.0,0.0,0.0
2020-02-21,5.0,1.0,1.0,2.0,0.0,0.0
2020-02-22,5.0,1.0,1.0,2.0,0.0,0.0
2020-02-23,5.0,1.0,1.0,2.0,0.0,0.0
2020-02-24,5.0,1.0,1.0,2.0,0.0,0.0
2020-02-25,5.0,1.0,0.0,2.0,0.0,0.0
2020-02-26,5.0,1.0,0.0,1.0,0.0,0.0
2020-02-27,4.0,1.0,0.0,1.0,0.0,0.0
2020-02-28,3.0,1.0,0.0,1.0,0.0,0.0
2020-02-29,3.0,0.0,0.0,1.0,0.0,0.0
2020-03-01,1.0,0.0,0.0,1.0,0.0,0.0
2020-03-02,1.0,0.0,0.0,1.0,0.0,0.0
2020-03-03,0.0,0.0,0.0,0.0,0.0,0.0
2020-03-04,0.0,0.0,0.0,0.0,0.0,0.0
2020-03-05,0.0,0.0,0.0,0.0,0.0,1.0
2020-03-06,0.0,0.0,4.0,1.0,1.0,1.0
2020-03-07,1.0,0.0,4.0,1.0,2.0,1.0
2020-03-08,1.0,0.0,4.0,2.0,3.0,1.0
2020-03-09,1.0,0.0,4.0,3.0,3.0,1.0
2020-03-10,1.0,0.0,4.0,3.0,3.0,1.0
2020-03-11,1.0,0.0,4.0,3.0,3.0,1.0
2020-03-12,1.0,0.0,4.0,3.0,3.0,1.0
2020-03-13,1.0,0.0,4.0,3.0,3.0,1.0
2020-03-14,1.0,0.0,4.0,3.0,3.0,1.0
2020-03-15,1.0,0.0,4.0,3.0,3.0,1.0
2020-03-16,1.0,0.0,4.0,3.0,3.0,1.0
2020-03-17,1.0,0.0,4.0,3.0,7.0,1.0
2020-03-18,1.0,0.0,4.0,3.0,8.0,1.0
2020-03-19,1.0,0.0,4.0,3.0,8.0,0.0
2020-03-20,1.0,0.0,0.0,2.0,7.0,0.0
2020-03-21,0.0,0.0,0.0,2.0,6.0,0.0
2020-03-22,0.0,0.0,0.0,1.0,5.0,0.0
2020-03-23,2.0,0.0,0.0,0.0,5.0,0.0
2020-03-24,2.0,0.0,0.0,0.0,5.0,0.0
2020-03-25,2.0,0.0,0.0,0.0,5.0,0.0
2020-03-26,3.0,0.0,0.0,0.0,5.0,0.0
2020-03-27,3.0,0.0,0.0,0.0,5.0,1.0
2020-03-28,3.0,0.0,0.0,0.0,5.0,2.0
2020-03-29,4.0,0.0,0.0,0.0,5.0,2.0
2020-03-30,4.0,0.0,0.0,0.0,5.0,2.0
2020-03-31,4.0,0.0,0.0,0.0,1.0,2.0
2020-04-01,4.0,0.0,0.0,0.0,0.0,2.0
2020-04-02,4.0,0.0,0.0,0.0,0.0,2.0
2020-04-03,4.0,0.0,0.0,1.0,0.0,2.0
2020-04-04,4.0,0.0,0.0,1.0,0.0,3.0
2020-04-05,4.0,0.0,0.0,1.0,0.0,3.0
2020-04-06,2.0,0.0,0.0,1.0,0.0,3.0
2020-04-07,3.0,0.0,0.0,1.0,0.0,3.0
2020-04-08,3.0,0.0,0.0,1.0,0.0,3.0
2020-04-09,2.0,0.0,0.0,1.0,0.0,3.0
2020-04-10,3.0,0.0,0.0,1.0,0.0,2.0
2020-04-11,3.0,0.0,0.0,1.0,0.0,1.0
2020-04-12,2.0,0.0,0.0,1.0,0.0,1.0
2020-04-13,3.0,0.0,0.0,1.0,0.0,1.0
2020-04-14,3.0,0.0,0.0,1.0,0.0,1.0
2020-04-15,4.0,0.0,0.0,1.0,0.0,1.0
2020-04-16,5.0,0.0,0.0,2.0,0.0,1.0
2020-04-17,5.0,0.0,0.0,1.0,0.0,1.0
2020-04-18,5.0,0.0,0.0,1.0,0.0,0.0
2020-04-19,5.0,0.0,0.0,1.0,0.0,0.0
2020-04-20,5.0,0.0,0.0,1.0,0.0,0.0
2020-04-21,4.0,0.0,0.0,1.0,0.0,0.0
2020-04-22,4.0,0.0,0.0,1.0,0.0,0.0
2020-04-23,4.0,0.0,0.0,1.0,0.0,0.0
2020-04-24,3.0,0.0,0.0,1.0,0.0,0.0
2020-04-25,3.0,0.0,0.0,1.0,0.0,0.0
2020-04-26,3.0,0.0,0.0,1.0,0.0,0.0
2020-04-27,2.0,0.0,0.0,2.0,0.0,0.0
2020-04-28,2.0,0.0,0.0,2.0,0.0,1.0
2020-04-29,1.0,0.0,0.0,2.0,0.0,1.0
2020-04-30,0.0,0.0,0.0,1.0,0.0,1.0
2020-05-01,0.0,0.0,0.0,1.0,0.0,1.0
2020-05-02,1.0,0.0,0.0,1.0,0.0,1.0
2020-05-03,1.0,0.0,0.0,1.0,0.0,1.0
2020-05-04,1.0,0.0,0.0,2.0,0.0,1.0
2020-05-05,1.0,0.0,0.0,2.0,0.0,1.0
2020-05-06,2.0,0.0,1.0,2.0,0.0,1.0
2020-05-07,2.0,0.0,1.0,2.0,0.0,1.0
2020-05-08,2.0,0.0,1.0,2.0,0.0,1.0
2020-05-09,2.0,0.0,1.0,2.0,0.0,1.0
2020-05-10,2.0,0.0,1.0,2.0,0.0,1.0
2020-05-11,2.0,0.0,1.0,1.0,0.0,1.0
2020-05-12,2.0,0.0,1.0,2.0,0.0,0.0
2020-05-13,3.0,0.0,1.0,2.0,0.0,0.0
2020-05-14,3.0,0.0,1.0,2.0,0.0,0.0
2020-05-15,3.0,0.0,1.0,2.0,0.0,0.0
2020-05-16,2.0,0.0,1.0,3.0,0.0,0.0
2020-05-17,2.0,0.0,1.0,3.0,0.0,0.0
2020-05-18,3.0,0.0,1.0,2.0,0.0,0.0
2020-05-19,3.0,0.0,1.0,2.0,0.0,2.0
2020-05-20,2.0,0.0,0.0,2.0,0.0,2.0
2020-05-21,2.0,0.0,0.0,2.0,0.0,2.0
2020-05-22,2.0,0.0,0.0,2.0,0.0,2.0
2020-05-23,2.0,0.0,0.0,2.0,0.0,2.0
2020-05-24,4.0,0.0,0.0,2.0,0.0,2.0
2020-05-25,4.0,0.0,0.0,2.0,0.0,2.0
2020-05-26,4.0,0.0,0.0,2.0,0.0,3.0
2020-05-27,3.0,0.0,0.0,2.0,0.0,4.0
2020-05-28,3.0,0.0,0.0,2.0,0.0,4.0
2020-05-29,3.0,0.0,0.0,2.0,0.0,4.0
2020-05-30,3.0,0.0,0.0,1.0,0.0,4.0
2020-05-31,4.0,1.0,0.0,1.0,0.0,4.0
2020-06-01,3.0,2.0,1.0,2.0,0.0,4.0
2020-06-02,3.0,2.0,1.0,2.0,0.0,2.0
2020-06-03,3.0,2.0,1.0,2.0,0.0,2.0
2020-06-04,4.0,2.0,1.0,2.0,0.0,2.0
2020-06-05,4.0,3.0,1.0,5.0,1.0,2.0
2020-06-06,4.0,3.0,1.0,5.0,1.0,2.0
2020-06-07,2.0,3.0,1.0,5.0,1.0,2.0
2020-06-08,2.0,3.0,2.0,5.0,1.0,2.0
2020-06-09,2.0,3.0,2.0,4.0,1.0,1.0
2020-06-10,2.0,3.0,2.0,4.0,1.0,0.0
2020-06-11,3.0,3.0,2.0,4.0,1.0,0.0
2020-06-12,4.0,3.0,2.0,4.0,1.0,0.0
2020-06-13,5.0,3.0,2.0,4.0,1.0,0.0
2020-06-14,4.0,4.0,2.0,4.0,1.0,0.0
2020-06-15,4.0,3.0,1.0,3.0,1.0,0.0
2020-06-16,5.0,3.0,1.0,3.0,1.0,0.0
2020-06-17,5.0,3.0,1.0,3.0,1.0,0.0
2020-06-18,4.0,3.0,1.0,4.0,1.0,0.0
2020-06-19,4.0,2.0,1.0,1.0,1.0,0.0
2020-06-20,4.0,2.0,1.0,1.0,1.0,0.0
2020-06-21,5.0,2.0,1.0,1.0,1.0,0.0
2020-06-22,5.0,2.0,0.0,1.0,1.0,0.0
2020-06-23,5.0,2.0,0.0,1.0,1.0,0.0
2020-06-24,6.0,2.0,0.0,1.0,1.0,0.0
2020-06-25,5.0,2.0,0.0,1.0,1.0,1.0
2020-06-26,5.0,2.0,0.0,1.0,1.0,1.0
2020-06-27,5.0,2.0,0.0,1.0,1.0,1.0
2020-06-28,5.0,0.0,0.0,1.0,1.0,1.0
2020-06-29,5.0,0.0,0.0,1.0,1.0,1.0
2020-06-30,8.0,0.0,0.0,1.0,1.0,2.0
2020-07-01,9.0,1.0,0.0,1.0,2.0,2.0
2020-07-02,9.0,1.0,0.0,0.0,2.0,2.0
2020-07-03,10.0,1.0,0.0,0.0,1.0,2.0
2020-07-04,10.0,1.0,0.0,0.0,1.0,2.0
2020-07-05,9.0,1.0,0.0,0.0,1.0,2.0
2020-07-06,9.0,1.0,0.0,0.0,1.0,2.0
2020-07-07,9.0,1.0,0.0,0.0,1.0,3.0
2020-07-08,10.0,1.0,0.0,0.0,1.0,3.0
2020-07-09,10.0,1.0,0.0,1.0,1.0,2.0
2020-07-10,10.0,1.0,0.0,2.0,1.0,2.0
2020-07-11,9.0,1.0,0.0,2.0,1.0,2.0
2020-07-12,9.0,1.0,0.0,2.0,1.0,2.0
2020-07-13,10.0,1.0,0.0,2.0,1.0,2.0
2020-07-14,7.0,1.0,0.0,2.0,1.0,1.0
2020-07-15,7.0,0.0,0.0,2.0,0.0,1.0
2020-07-16,7.0,0.0,0.0,2.0,0.0,1.0
2020-07-17,6.0,0.0,0.0,2.0,0.0,1.0
2020-07-18,6.0,0.0,0.0,2.0,0.0,1.0
2020-07-19,6.0,0.0,0.0,2.0,0.0,1.0
2020-07-20,6.0,0.0,0.0,2.0,0.0,1.0
2020-07-21,7.0,1.0,0.0,2.0,0.0,0.0
2020-07-22,5.0,1.0,0.0,2.0,0.0,1.0
2020-07-23,5.0,1.0,0.0,1.0,0.0,1.0
2020-07-24,4.0,1.0,0.0,0.0,0.0,1.0
2020-07-25,4.0,1.0,0.0,0.0,0.0,1.0
2020-07-26,4.0,1.0,0.0,0.0,0.0,1.0
2020-07-27,3.0,1.0,0.0,0.0,0.0,1.0
2020-07-28,2.0,1.0,0.0,0.0,1.0,2.0
2020-07-29,1.0,1.0,0.0,0.0,1.0,2.0
2020-07-30,1.0,1.0,0.0,0.0,1.0,2.0
2020-07-31,1.0,1.0,0.0,0.0,1.0,2.0
2020-08-01,1.0,1.0,0.0,0.0,1.0,2.0
2020-08-02,1.0,1.0,0.0,2.0,1.0,3.0
2020-08-03,2.0,1.0,1.0,2.0,1.0,4.0
2020-08-04,2.0,0.0,1.0,2.0,1.0,4.0
2020-08-05,2.0,0.0,1.0,2.0,1.0,3.0
2020-08-06,2.0,0.0,1.0,2.0,1.0,3.0
2020-08-07,2.0,0.0,1.0,2.0,1.0,3.0
2020-08-08,2.0,0.0,1.0,2.0,1.0,3.0
2020-08-09,2.0,0.0,1.0,2.0,1.0,3.0
2020-08-10,3.0,0.0,1.0,2.0,3.0,3.0
2020-08-11,3.0,0.0,1.0,2.0,2.0,2.0
2020-08-12,4.0,0.0,2.0,2.0,2.0,2.0
2020-08-13,4.0,1.0,2.0,2.0,2.0,2.0
2020-08-14,5.0,1.0,2.0,2.0,2.0,2.0
2020-08-15,5.0,1.0,2.0,2.0,2.0,2.0
2020-08-16,5.0,1.0,2.0,1.0,2.0,1.0
2020-08-17,4.0,1.0,1.0,1.0,2.0,0.0
2020-08-18,3.0,1.0,1.0,1.0,2.0,0.0
2020-08-19,3.0,1.0,1.0,1.0,2.0,0.0
2020-08-20,4.0,2.0,1.0,1.0,2.0,0.0
2020-08-21,4.0,2.0,1.0,1.0,2.0,0.0
2020-08-22,4.0,2.0,1.0,1.0,2.0,0.0
2020-08-23,4.0,2.0,1.0,1.0,2.0,0.0
2020-08-24,3.0,2.0,1.0,1.0,0.0,0.0
2020-08-25,3.0,2.0,1.0,1.0,0.0,0.0
2020-08-26,2.0,2.0,0.0,1.0,0.0,0.0
2020-08-27,4.0,1.0,0.0,1.0,0.0,0.0
2020-08-28,3.0,1.0,0.0,1.0,0.0,0.0
2020-08-29,3.0,1.0,0.0,1.0,0.0,0.0
2020-08-30,3.0,1.0,0.0,0.0,0.0,0.0
2020-08-31,3.0,1.0,0.0,0.0,0.0,0.0
2020-09-01,3.0,1.0,0.0,0.0,0.0,0.0
2020-09-02,3.0,1.0,0.0,0.0,0.0,0.0
2020-09-03,2.0,0.0,0.0,0.0,0.0,0.0
2020-09-04,3.0,0.0,0.0,0.0,0.0,0.0
2020-09-05,3.0,0.0,0.0,0.0,0.0,0.0
2020-09-06,3.0,0.0,0.0,0.0,1.0,0.0
2020-09-07,3.0,0.0,0.0,0.0,1.0,0.0
2020-09-08,4.0,0.0,1.0,0.0,1.0,0.0
2020-09-09,4.0,0.0,1.0,0.0,1.0,0.0
2020-09-10,2.0,0.0,1.0,0.0,1.0,0.0
2020-09-11,2.0,3.0,1.0,0.0,1.0,0.0
2020-09-12,2.0,3.0,3.0,0.0,1.0,0.0
2020-09-13,2.0,3.0,5.0,0.0,1.0,0.0
2020-09-14,2.0,3.0,5.0,0.0,1.0,0.0
2020-09-15,4.0,3.0,5.0,0.0,1.0,0.0
2020-09-16,4.0,3.0,5.0,0.0,1.0,0.0
2020-09-17,4.0,3.0,5.0,0.0,2.0,0.0
2020-09-18,3.0,3.0,6.0,0.0,3.0,0.0
2020-09-19,3.0,3.0,6.0,1.0,3.0,0.0
2020-09-20,3.0,3.0,6.0,1.0,2.0,0.0
2020-09-21,4.0,3.0,6.0,1.0,2.0,0.0
2020-09-22,4.0,3.0,5.0,1.0,2.0,0.0
2020-09-23,4.0,3.0,5.0,1.0,3.0,0.0
2020-09-24,4.0,3.0,6.0,1.0,4.0,0.0
2020-09-25,4.0,0.0,6.0,2.0,7.0,0.0
2020-09-26,4.0,0.0,4.0,2.0,7.0,0.0
2020-09-27,4.0,0.0,2.0,2.0,7.0,0.0
2020-09-28,4.0,0.0,2.0,2.0,7.0,0.0
2020-09-29,2.0,0.0,2.0,4.0,8.0,0.0
2020-09-30,2.0,0.0,2.0,4.0,9.0,0.0
2020-10-01,2.0,0.0,2.0,4.0,8.0,0.0
2020-10-02,2.0,0.0,1.0,4.0,7.0,0.0
2020-10-03,2.0,0.0,1.0,3.0,7.0,0.0
2020-10-04,2.0,0.0,1.0,3.0,7.0,0.0
2020-10-05,1.0,0.0,1.0,3.0,7.0,0.0
2020-10-06,0.0,0.0,1.0,3.0,7.0,0.0
2020-10-07,0.0,1.0,1.0,3.0,6.0,0.0
2020-10-08,0.0,1.0,0.0,3.0,5.0,0.0
2020-10-09,0.0,1.0,0.0,2.0,2.0,1.0
2020-10-10,0.0,1.0,0.0,2.0,2.0,1.0
2020-10-11,0.0,1.0,0.0,2.0,3.0,1.0
2020-10-12,0.0,1.0,0.0,3.0,3.0,1.0
2020-10-13,1.0,1.0,0.0,2.0,4.0,2.0
2020-10-14,1.0,1.0,0.0,2.0,4.0,2.0
2020-10-15,1.0,1.0,0.0,2.0,4.0,3.0
2020-10-16,1.0,1.0,0.0,2.0,4.0,3.0
2020-10-17,1.0,1.0,0.0,2.0,4.0,3.0
2020-10-18,2.0,1.0,0.0,2.0,4.0,3.0
2020-10-19,3.0,1.0,0.0,2.0,4.0,3.0
2020-10-20,3.0,1.0,0.0,2.0,4.0,3.0
2020-10-21,3.0,0.0,0.0,2.0,4.0,3.0
2020-10-22,3.0,0.0,0.0,2.0,5.0,3.0
2020-10-23,4.0,0.0,0.0,2.0,5.0,2.0
2020-10-24,4.0,0.0,0.0,3.0,5.0,2.0
2020-10-25,4.0,0.0,0.0,3.0,4.0,2.0
2020-10-26,4.0,0.0,0.0,2.0,4.0,2.0
2020-10-27,3.0,0.0,0.0,1.0,2.0,1.0
2020-10-28,3.0,0.0,0.0,1.0,1.0,1.0
2020-10-29,3.0,0.0,0.0,1.0,1.0,0.0
2020-10-30,3.0,0.0,0.0,1.0,1.0,0.0
2020-10-31,3.0,0.0,0.0,1.0,1.0,0.0
2020-11-01,2.0,0.0,0.0,1.0,1.0,0.0
2020-11-02,1.0,0.0,0.0,1.0,1.0,0.0
2020-11-03,1.0,0.0,0.0,2.0,1.0,0.0
2020-11-04,1.0,0.0,0.0,2.0,1.0,0.0
2020-11-05,2.0,0.0,0.0,2.0,0.0,0.0
2020-11-06,1.0,1.0,0.0,2.0,0.0,0.0
2020-11-07,2.0,1.0,0.0,1.0,0.0,0.0
2020-11-08,2.0,1.0,0.0,1.0,0.0,0.0
2020-11-09,2.0,1.0,0.0,1.0,0.0,0.0
2020-11-10,3.0,1.0,0.0,2.0,0.0,1.0
2020-11-11,3.0,1.0,0.0,2.0,0.0,1.0
2020-11-12,6.0,1.0,0.0,2.0,0.0,1.0
2020-11-13,6.0,1.0,0.0,2.0,0.0,1.0
2020-11-14,6.0,1.0,0.0,2.0,0.0,1.0
2020-11-15,6.0,1.0,0.0,3.0,0.0,1.0
2020-11-16,6.0,1.0,0.0,3.0,0.0,1.0
2020-11-17,6.0,1.0,0.0,2.0,0.0,1.0
2020-11-18,6.0,1.0,0.0,2.0,0.0,1.0
2020-11-19,5.0,1.0,0.0,2.0,1.0,2.0
2020-11-20,5.0,0.0,0.0,2.0,1.0,3.0
2020-11-21,4.0,0.0,0.0,2.0,1.0,3.0
2020-11-22,4.0,0.0,0.0,2.0,1.0,3.0
2020-11-23,4.0,1.0,0.0,2.0,1.0,3.0
2020-11-24,4.0,1.0,0.0,1.0,1.0,3.0
2020-11-25,6.0,1.0,0.0,1.0,1.0,3.0
2020-11-26,4.0,1.0,0.0,1.0,1.0,3.0
2020-11-27,4.0,1.0,0.0,1.0,1.0,3.0
2020-11-28,4.0,1.0,0.0,1.0,2.0,3.0
2020-11-29,4.0,1.0,0.0,0.0,2.0,3.0
2020-11-30,4.0,1.0,0.0,0.0,2.0,3.0
2020-12-01,4.0,1.0,0.0,0.0,2.0,3.0
2020-12-02,4.0,1.0,0.0,0.0,2.0,3.0
2020-12-03,5.0,1.0,0.0,0.0,1.0,2.0
2020-12-04,5.0,1.0,0.0,0.0,1.0,1.0
2020-12-05,5.0,1.0,0.0,0.0,1.0,1.0
2020-12-06,5.0,2.0,0.0,0.0,1.0,1.0
2020-12-07,6.0,1.0,0.0,0.0,1.0,1.0
2020-12-08,6.0,1.0,0.0,2.0,1.0,0.0
2020-12-09,5.0,1.0,0.0,3.0,1.0,1.0
2020-12-10,4.0,1.0,0.0,3.0,1.0,1.0
2020-12-11,4.0,1.0,0.0,3.0,1.0,1.0
2020-12-12,4.0,2.0,0.0,3.0,0.0,1.0
2020-12-13,4.0,2.0,0.0,3.0,0.0,1.0
2020-12-14,4.0,2.0,0.0,3.0,0.0,1.0
2020-12-15,4.0,2.0,0.0,3.0,0.0,1.0
2020-12-16,4.0,2.0,0.0,3.0,0.0,3.0
2020-12-17,3.0,2.0,1.0,3.0,1.0,3.0
2020-12-18,4.0,3.0,1.0,4.0,4.0,3.0
2020-12-19,4.0,3.0,1.0,4.0,4.0,3.0
2020-12-20,4.0,2.0,1.0,4.0,4.0,3.0
2020-12-21,3.0,2.0,1.0,5.0,4.0,3.0
2020-12-22,3.0,2.0,1.0,3.0,4.0,3.0
2020-12-23,2.0,2.0,1.0,2.0,4.0,2.0
2020-12-24,2.0,2.0,1.0,2.0,5.0,2.0
2020-12-25,2.0,2.0,1.0,2.0,5.0,2.0
2020-12-26,2.0,1.0,1.0,2.0,5.0,2.0
2020-12-27,2.0,1.0,1.0,2.0,5.0,2.0
2020-12-28,2.0,1.0,1.0,2.0,5.0,2.0
2020-12-29,2.0,3.0,1.0,2.0,5.0,2.0
2020-12-30,2.0,3.0,1.0,2.0,5.0,0.0
2020-12-31,2.0,3.0,0.0,2.0,4.0,0.0
2021-01-01,1.0,2.0,0.0,1.0,1.0,0.0
2021-01-02,5.0,2.0,0.0,1.0,1.0,0.0
2021-01-03,5.0,2.0,0.0,1.0,1.0,0.0
2021-01-04,9.0,2.0,1.0,0.0,1.0,0.0
2021-01-05,9.0,2.0,1.0,1.0,1.0,0.0
2021-01-06,9.0,2.0,1.0,1.0,1.0,0.0
2021-01-07,9.0,2.0,1.0,1.0,0.0,0.0
2021-01-08,11.0,3.0,1.0,1.0,1.0,1.0
2021-01-09,11.0,6.0,1.0,1.0,1.0,1.0
2021-01-10,11.0,6.0,1.0,1.0,1.0,1.0
2021-01-11,11.0,6.0,1.0,1.0,1.0,1.0
2021-01-12,12.0,4.0,1.0,1.0,1.0,1.0
2021-01-13,12.0,4.0,1.0,1.0,1.0,1.0
2021-01-14,13.0,4.0,1.0,1.0,1.0,1.0
2021-01-15,14.0,4.0,1.0,1.0,1.0,1.0
2021-01-16,10.0,5.0,1.0,1.0,1.0,1.0
2021-01-17,10.0,5.0,1.0,1.0,1.0,1.0
2021-01-18,9.0,6.0,0.0,1.0,1.0,1.0
2021-01-19,9.0,19.0,0.0,0.0,1.0,1.0
2021-01-20,10.0,19.0,0.0,0.0,1.0,1.0
2021-01-21,10.0,19.0,0.0,0.0,1.0,2.0
2021-01-22,8.0,19.0,0.0,0.0,0.0,1.0
2021-01-23,8.0,16.0,0.0,0.0,0.0,1.0
2021-01-24,8.0,16.0,0.0,0.0,0.0,1.0
2021-01-25,8.0,16.0,0.0,0.0,0.0,1.0
2021-01-26,8.0,16.0,0.0,0.0,0.0,1.0
2021-01-27,9.0,16.0,0.0,0.0,0.0,1.0
2021-01-28,8.0,16.0,0.0,0.0,0.0,1.0
2021-01-29,10.0,16.0,0.0,0.0,0.0,1.0
2021-01-30,10.0,15.0,0.0,0.0,0.0,1.0
2021-01-31,10.0,15.0,0.0,0.0,1.0,1.0
2021-02-01,7.0,14.0,0.0,0.0,1.0,1.0
2021-02-02,6.0,1.0,0.0,0.0,1.0,1.0
2021-02-03,5.0,2.0,1.0,0.0,2.0,1.0
2021-02-04,6.0,2.0,2.0,0.0,2.0,0.0
2021-02-05,6.0,1.0,2.0,0.0,2.0,0.0
2021-02-06,6.0,1.0,2.0,0.0,2.0,0.0
2021-02-07,7.0,3.0,3.0,0.0,2.0,0.0
2021-02-08,7.0,3.0,3.0,0.0,3.0,0.0
2021-02-09,6.0,3.0,3.0,0.0,3.0,0.0
2021-02-10,5.0,3.0,3.0,0.0,4.0,0.0
2021-02-11,5.0,3.0,3.0,0.0,6.0,0.0
2021-02-12,2.0,3.0,3.0,0.0,6.0,0.0
2021-02-13,2.0,3.0,3.0,0.0,6.0,0.0
2021-02-14,3.0,3.0,4.0,0.0,5.0,0.0
2021-02-15,3.0,3.0,4.0,0.0,5.0,0.0
2021-02-16,3.0,4.0,4.0,0.0,5.0,0.0
2021-02-17,3.0,3.0,3.0,0.0,4.0,0.0
2021-02-18,2.0,4.0,2.0,0.0,4.0,0.0
2021-02-19,3.0,4.0,2.0,0.0,4.0,1.0
2021-02-20,3.0,4.0,2.0,0.0,4.0,2.0
2021-02-21,3.0,3.0,1.0,0.0,4.0,2.0
2021-02-22,3.0,3.0,1.0,0.0,3.0,2.0
2021-02-23,3.0,3.0,1.0,0.0,3.0,2.0
2021-02-24,3.0,3.0,1.0,0.0,3.0,2.0
2021-02-25,6.0,3.0,1.0,0.0,1.0,2.0
2021-02-26,6.0,3.0,1.0,0.0,2.0,2.0
2021-02-27,6.0,3.0,1.0,0.0,2.0,2.0
2021-02-28,5.0,3.0,0.0,0.0,2.0,2.0
2021-03-01,5.0,3.0,0.0,0.0,3.0,2.0
2021-03-02,6.0,2.0,1.0,4.0,4.0,2.0
2021-03-03,6.0,2.0,1.0,4.0,4.0,2.0
2021-03-04,6.0,2.0,1.0,6.0,4.0,2.0
2021-03-05,6.0,4.0,1.0,6.0,4.0,1.0
2021-03-06,6.0,4.0,1.0,6.0,4.0,1.0
2021-03-07,5.0,4.0,1.0,6.0,4.0,1.0
2021-03-08,5.0,4.0,1.0,7.0,7.0,4.0
2021-03-09,6.0,5.0,1.0,7.0,7.0,4.0
2021-03-10,6.0,9.0,4.0,14.0,10.0,7.0
2021-03-11,5.0,11.0,4.0,15.0,11.0,7.0
2021-03-12,5.0,11.0,4.0,15.0,10.0,7.0
2021-03-13,5.0,11.0,4.0,15.0,10.0,7.0
2021-03-14,5.0,11.0,4.0,15.0,10.0,7.0
2021-03-15,6.0,11.0,4.0,15.0,9.0,7.0
2021-03-16,5.0,11.0,3.0,11.0,9.0,7.0
2021-03-17,6.0,12.0,3.0,11.0,10.0,7.0
2021-03-18,6.0,12.0,3.0,9.0,10.0,9.0
2021-03-19,6.0,10.0,3.0,9.0,11.0,10.0
2021-03-20,7.0,10.0,3.0,9.0,11.0,9.0
2021-03-21,8.0,9.0,3.0,9.0,11.0,9.0
2021-03-22,8.0,9.0,3.0,8.0,8.0,6.0
2021-03-23,7.0,8.0,3.0,8.0,8.0,6.0
2021-03-24,7.0,4.0,0.0,1.0,4.0,3.0
2021-03-25,5.0,2.0,1.0,0.0,3.0,3.0
2021-03-26,7.0,2.0,1.0,0.0,3.0,3.0
2021-03-27,8.0,5.0,2.0,0.0,3.0,3.0
2021-03-28,8.0,5.0,2.0,0.0,3.0,3.0
2021-03-29,7.0,5.0,2.0,0.0,4.0,3.0
2021-03-30,7.0,5.0,2.0,0.0,3.0,3.0
2021-03-31,6.0,4.0,2.0,1.0,3.0,4.0
2021-04-01,6.0,5.0,3.0,1.0,4.0,2.0
2021-04-02,5.0,5.0,4.0,1.0,3.0,1.0
2021-04-03,6.0,5.0,4.0,1.0,3.0,1.0
2021-04-04,5.0,5.0,4.0,1.0,3.0,1.0
2021-04-05,5.0,5.0,4.0,1.0,3.0,1.0
2021-04-06,5.0,5.0,4.0,1.0,3.0,1.0
2021-04-07,5.0,5.0,4.0,1.0,3.0,1.0
2021-04-08,5.0,5.0,3.0,1.0,3.0,1.0
2021-04-09,3.0,5.0,3.0,1.0,3.0,1.0
2021-04-10,2.0,2.0,2.0,1.0,3.0,1.0
2021-04-11,2.0,2.0,2.0,1.0,3.0,1.0
2021-04-12,3.0,2.0,3.0,1.0,2.0,1.0
2021-04-13,3.0,2.0,3.0,1.0,2.0,1.0
2021-04-14,3.0,2.0,3.0,0.0,1.0,0.0
2021-04-15,3.0,0.0,2.0,0.0,0.0,0.0
2021-04-16,3.0,0.0,1.0,0.0,0.0,0.0
2021-04-17,1.0,1.0,1.0,1.0,0.0,0.0
2021-04-18,2.0,1.0,1.0,1.0,0.0,0.0
2021-04-19,2.0,2.0,1.0,1.0,0.0,0.0
2021-04-20,3.0,2.0,1.0,1.0,0.0,0.0
2021-04-21,3.0,2.0,1.0,1.0,0.0,0.0
2021-04-22,3.0,3.0,2.0,1.0,0.0,0.0
2021-04-23,3.0,3.0,2.0,2.0,3.0,0.0
2021-04-24,4.0,3.0,2.0,2.0,3.0,0.0
2021-04-25,4.0,3.0,3.0,2.0,3.0,0.0
2021-04-26,3.0,3.0,2.0,2.0,3.0,0.0
2021-04-27,3.0,3.0,2.0,2.0,3.0,0.0
2021-04-28,4.0,3.0,2.0,3.0,3.0,0.0
2021-04-29,4.0,3.0,3.0,3.0,4.0,0.0
2021-04-30,5.0,3.0,3.0,3.0,4.0,0.0
2021-05-01,5.0,2.0,3.0,2.0,4.0,0.0
2021-05-02,4.0,2.0,3.0,2.0,4.0,1.0
2021-05-03,4.0,1.0,3.0,2.0,4.0,1.0
2021-05-04,3.0,1.0,3.0,2.0,4.0,2.0
2021-05-05,4.0,1.0,3.0,2.0,4.0,2.0
2021-05-06,4.0,0.0,2.0,2.0,4.0,2.0
2021-05-07,5.0,0.0,3.0,1.0,2.0,3.0
2021-05-08,4.0,0.0,3.0,1.0,2.0,3.0
2021-05-09,4.0,0.0,2.0,1.0,2.0,3.0
2021-05-10,5.0,0.0,2.0,2.0,2.0,3.0
2021-05-11,5.0,0.0,2.0,2.0,2.0,3.0
2021-05-12,5.0,0.0,2.0,1.0,2.0,3.0
2021-05-13,5.0,0.0,1.0,1.0,3.0,3.0
2021-05-14,5.0,0.0,1.0,1.0,3.0,3.0
2021-05-15,6.0,2.0,1.0,1.0,3.0,4.0
2021-05-16,6.0,2.0,1.0,1.0,4.0,3.0
2021-05-17,6.0,2.0,1.0,1.0,4.0,4.0
2021-05-18,7.0,3.0,1.0,2.0,4.0,3.0
2021-05-19,6.0,4.0,1.0,2.0,4.0,3.0
2021-05-20,6.0,5.0,1.0,2.0,4.0,3.0
2021-05-21,5.0,5.0,0.0,2.0,4.0,2.0
2021-05-22,6.0,5.0,0.0,2.0,4.0,2.0
2021-05-23,7.0,6.0,0.0,2.0,4.0,3.0
2021-05-24,6.0,6.0,2.0,7.0,5.0,5.0
2021-05-25,10.0,10.0,5.0,8.0,10.0,7.0
2021-05-26,10.0,10.0,5.0,8.0,11.0,7.0
2021-05-27,13.0,10.0,6.0,8.0,9.0,9.0
2021-05-28,13.0,10.0,7.0,9.0,9.0,10.0
2021-05-29,12.0,10.0,7.0,9.0,9.0,9.0
2021-05-30,13.0,10.0,8.0,12.0,8.0,9.0
2021-05-31,13.0,10.0,8.0,12.0,9.0,8.0
2021-06-01,13.0,10.0,8.0,11.0,9.0,8.0
2021-06-02,14.0,9.0,8.0,11.0,9.0,11.0
2021-06-03,16.0,9.0,8.0,11.0,10.0,11.0
2021-06-04,18.0,9.0,8.0,11.0,10.0,11.0
2021-06-05,17.0,9.0,8.0,11.0,10.0,11.0
2021-06-06,17.0,8.0,9.0,11.0,10.0,11.0
2021-06-07,17.0,8.0,7.0,5.0,9.0,9.0
2021-06-08,14.0,4.0,4.0,4.0,4.0,8.0
2021-06-09,14.0,4.0,4.0,6.0,3.0,10.0
2021-06-10,12.0,4.0,3.0,6.0,3.0,8.0
2021-06-11,14.0,7.0,2.0,5.0,3.0,8.0
2021-06-12,14.0,5.0,2.0,5.0,4.0,10.0
2021-06-13,13.0,6.0,1.0,2.0,5.0,10.0
2021-06-14,13.0,6.0,1.0,2.0,4.0,10.0
2021-06-15,12.0,5.0,1.0,2.0,4.0,10.0
2021-06-16,12.0,5.0,1.0,2.0,5.0,7.0
2021-06-17,10.0,4.0,1.0,2.0,4.0,7.0
2021-06-18,10.0,4.0,2.0,3.0,3.0,7.0
2021-06-19,10.0,4.0,2.0,3.0,3.0,7.0
2021-06-20,11.0,4.0,1.0,4.0,3.0,6.0
2021-06-21,11.0,4.0,1.0,4.0,3.0,6.0
2021-06-22,11.0,4.0,1.0,4.0,3.0,5.0
2021-06-23,12.0,4.0,1.0,2.0,3.0,3.0
2021-06-24,12.0,4.0,1.0,2.0,3.0,3.0
2021-06-25,11.0,1.0,1.0,2.0,4.0,2.0
2021-06-26,11.0,1.0,1.0,2.0,3.0,0.0
2021-06-27,11.0,0.0,1.0,2.0,2.0,0.0
2021-06-28,12.0,0.0,1.0,2.0,2.0,0.0
2021-06-29,12.0,0.0,1.0,2.0,2.0,0.0
2021-06-30,11.0,0.0,1.0,2.0,1.0,0.0
2021-07-01,12.0,0.0,1.0,2.0,1.0,0.0
2021-07-02,10.0,0.0,0.0,1.0,1.0,0.0
2021-07-03,10.0,0.0,0.0,1.0,1.0,0.0
2021-07-04,8.0,0.0,0.0,1.0,1.0,0.0
2021-07-05,9.0,0.0,0.0,1.0,1.0,0.0
2021-07-06,9.0,0.0,0.0,1.0,1.0,0.0
2021-07-07,7.0,0.0,0.0,1.0,1.0,0.0
2021-07-08,8.0,2.0,0.0,1.0,1.0,0.0
2021-07-09,7.0,2.0,0.0,1.0,0.0,0.0
2021-07-10,7.0,2.0,0.0,1.0,0.0,0.0
2021-07-11,7.0,2.0,0.0,1.0,0.0,0.0
2021-07-12,6.0,2.0,0.0,1.0,0.0,1.0
2021-07-13,8.0,2.0,0.0,1.0,2.0,1.0
2021-07-14,10.0,2.0,0.0,1.0,2.0,1.0
2021-07-15,9.0,2.0,0.0,1.0,2.0,1.0
2021-07-16,9.0,2.0,0.0,1.0,2.0,1.0
2021-07-17,9.0,2.0,0.0,1.0,2.0,2.0
2021-07-18,10.0,2.0,0.0,0.0,2.0,2.0
2021-07-19,11.0,2.0,0.0,0.0,2.0,2.0
2021-07-20,12.0,2.0,0.0,0.0,2.0,2.0
2021-07-21,13.0,2.0,1.0,0.0,2.0,2.0
2021-07-22,12.0,0.0,1.0,0.0,2.0,2.0
2021-07-23,11.0,0.0,1.0,0.0,2.0,2.0
2021-07-24,11.0,0.0,1.0,0.0,2.0,2.0
2021-07-25,11.0,0.0,1.0,0.0,2.0,2.0
2021-07-26,11.0,0.0,1.0,0.0,2.0,1.0
2021-07-27,9.0,0.0,1.0,0.0,0.0,1.0
2021-07-28,7.0,0.0,1.0,0.0,0.0,1.0
2021-07-29,7.0,0.0,1.0,0.0,0.0,1.0
2021-07-30,7.0,0.0,1.0,0.0,0.0,1.0
2021-07-31,10.0,0.0,1.0,0.0,0.0,0.0
2021-08-01,9.0,1.0,2.0,0.0,0.0,0.0
2021-08-02,7.0,2.0,3.0,0.0,0.0,0.0
2021-08-03,5.0,2.0,3.0,0.0,0.0,0.0
2021-08-04,4.0,2.0,2.0,0.0,0.0,0.0
2021-08-05,3.0,2.0,2.0,0.0,0.0,0.0
2021-08-06,5.0,2.0,3.0,0.0,0.0,1.0
2021-08-07,5.0,2.0,3.0,1.0,0.0,1.0
2021-08-08,5.0,2.0,3.0,1.0,0.0,1.0
2021-08-09,6.0,2.0,3.0,2.0,0.0,1.0
2021-08-10,6.0,2.0,3.0,2.0,0.0,1.0
2021-08-11,6.0,2.0,3.0,3.0,0.0,1.0
2021-08-12,6.0,3.0,3.0,3.0,0.0,1.0
2021-08-13,6.0,4.0,3.0,3.0,0.0,1.0
2021-08-14,3.0,4.0,3.0,4.0,0.0,1.0
2021-08-15,3.0,3.0,2.0,4.0,0.0,1.0
2021-08-16,6.0,3.0,1.0,4.0,0.0,1.0
2021-08-17,7.0,4.0,1.0,4.0,0.0,1.0
2021-08-18,7.0,4.0,1.0,4.0,0.0,1.0
2021-08-19,7.0,4.0,1.0,4.0,1.0,1.0
2021-08-20,5.0,4.0,0.0,4.0,1.0,0.0
2021-08-21,5.0,4.0,0.0,3.0,1.0,0.0
2021-08-22,5.0,4.0,0.0,3.0,1.0,0.0
2021-08-23,4.0,4.0,0.0,2.0,2.0,0.0
2021-08-24,4.0,4.0,0.0,2.0,2.0,0.0
2021-08-25,4.0,4.0,0.0,1.0,3.0,0.0
2021-08-26,5.0,3.0,0.0,1.0,3.0,0.0
2021-08-27,5.0,2.0,0.0,1.0,3.0,0.0
2021-08-28,5.0,2.0,1.0,0.0,3.0,0.0
2021-08-29,5.0,5.0,1.0,4.0,3.0,1.0
2021-08-30,2.0,4.0,1.0,4.0,4.0,1.0
2021-08-31,2.0,4.0,2.0,5.0,4.0,1.0
2021-09-01,2.0,4.0,2.0,5.0,4.0,1.0
2021-09-02,3.0,4.0,2.0,5.0,3.0,1.0
2021-09-03,3.0,4.0,2.0,5.0,3.0,1.0
2021-09-04,3.0,4.0,2.0,5.0,3.0,1.0
2021-09-05,4.0,4.0,2.0,5.0,3.0,1.0
