,AFD,CDUCSU,FDP,GRUENE,LINKE,SPD,AFD - norm,CDUCSU - norm,FDP - norm,GRUENE - norm,LINKE - norm,SPD - norm
2021-01-01,,,,,,,,,,,,
2021-01-02,,,,,,,,,,,,
2021-01-03,,,,,,,,,,,,
2021-01-04,,,,,,,,,,,,
2021-01-05,,,,,,,,,,,,
2021-01-06,,,,,,,,,,,,
2021-01-07,,,,,,,,,,,,
2021-01-08,,,,,,,,,,,,
2021-01-09,,,,,,,,,,,,
2021-01-10,,,,,,,,,,,,
2021-01-11,,,,,,,,,,,,
2021-01-12,,,,,,,,,,,,
2021-01-13,,,,,,,,,,,,
2021-01-14,,,,,,,,,,,,
2021-01-15,,,,,,,,,,,,
2021-01-16,,,,,,,,,,,,
2021-01-17,,,,,,,,,,,,
2021-01-18,,,,,,,,,,,,
2021-01-19,,,,,,,,,,,,
2021-01-20,,,,,,,,,,,,
2021-01-21,,,,,,,,,,,,
2021-01-22,,,,,,,,,,,,
2021-01-23,,,,,,,,,,,,
2021-01-24,,,,,,,,,,,,
2021-01-25,,,,,,,,,,,,
2021-01-26,,,,,,,,,,,,
2021-01-27,,,,,,,,,,,,
2021-01-28,,,,,,,,,,,,
2021-01-29,,,,,,,,,,,,
2021-01-30,0.3333333333333333,2.2333333333333334,1.3666666666666667,3.066666666666667,5.8,0.8333333333333334,0.004721484861452057,0.01575999077579465,0.00845537178083166,0.02146690272559667,0.038397710298115874,0.0065914090690064875
2021-01-31,0.3333333333333333,2.2666666666666666,1.4333333333333333,3.1333333333333333,5.966666666666667,0.8333333333333334,0.004721484861452057,0.01628082410912798,0.0091961125215724,0.022101823360517307,0.04098941683719083,0.0065914090690064875
2021-02-01,0.36666666666666664,2.0,1.4666666666666666,3.3,6.266666666666667,0.8666666666666667,0.005362510502477698,0.0141165581408463,0.009330486538783711,0.02339381302459999,0.04311707641165892,0.006827815688391831
2021-02-02,0.36666666666666664,2.066666666666667,1.6333333333333333,3.466666666666667,6.566666666666666,0.9333333333333333,0.005362510502477698,0.014803843364213996,0.010412737621034793,0.02477122349291955,0.04496641625611542,0.007340636201212344
2021-02-03,0.4,2.033333333333333,1.7666666666666666,3.533333333333333,6.633333333333334,0.9333333333333333,0.005806954946922143,0.014456621141991774,0.01125661947757488,0.025186173126619187,0.04536409515560908,0.007340636201212344
2021-02-04,0.43333333333333335,2.0,1.7666666666666666,3.566666666666667,6.6,0.9333333333333333,0.006304467384733088,0.014178843364213994,0.01125661947757488,0.025466285171437113,0.04522952935041509,0.007340636201212344
2021-02-05,0.4666666666666667,2.033333333333333,1.7666666666666666,3.6333333333333333,6.6,0.9666666666666667,0.006958062155974918,0.014628562712290008,0.011460642466080627,0.026506701337903695,0.04561069954290604,0.00770693656751271
2021-02-06,0.4666666666666667,2.033333333333333,1.7666666666666666,3.3333333333333335,6.533333333333333,0.9666666666666667,0.006958062155974918,0.014628562712290008,0.011460642466080627,0.024162951337903697,0.04577827632485397,0.00770693656751271
2021-02-07,0.4666666666666667,2.033333333333333,1.7,3.2,6.5,0.9333333333333333,0.006958062155974918,0.014628562712290008,0.010939809132747292,0.023137310312262672,0.04561031766852322,0.007424450691806495
2021-02-08,0.4666666666666667,2.066666666666667,1.7,3.1666666666666665,6.4,0.9666666666666667,0.006958062155974918,0.015016159611514814,0.010684290456175987,0.022719870609108683,0.044678081084112725,0.00774807528727575
2021-02-09,0.4666666666666667,2.1,1.7,3.3,6.533333333333333,0.9666666666666667,0.006958062155974918,0.015394947490302692,0.010684290456175987,0.023602872816614204,0.045578981985013624,0.00774807528727575
2021-02-10,0.4666666666666667,2.2666666666666666,1.7,3.1666666666666665,6.733333333333333,0.9666666666666667,0.006958062155974918,0.01646332355867876,0.010684290456175987,0.022084354298095684,0.046934802090833734,0.00774807528727575
2021-02-11,0.5333333333333333,2.3,1.7,3.2333333333333334,6.966666666666667,1.2,0.008346951044863807,0.016955826225094468,0.010340018147885686,0.02230092032525561,0.046875662305887494,0.009277481375952355
2021-02-12,0.5333333333333333,2.466666666666667,1.7333333333333334,3.2333333333333334,6.766666666666667,1.4,0.008346951044863807,0.01807439445775666,0.01084294875858714,0.022136311271757667,0.04598999402891487,0.010475086166371517
2021-02-13,0.43333333333333335,1.9333333333333333,1.7,3.0,6.533333333333333,1.3333333333333333,0.00665203579062652,0.014041881831494034,0.010956114024693585,0.020848850490625997,0.045606852266462765,0.010100554331165523
2021-02-14,0.4,1.6,1.6,2.933333333333333,6.633333333333334,1.2666666666666666,0.006207591346182075,0.01308970154935168,0.010302519253451754,0.020569780723184137,0.047675294978180335,0.009344053149132427
2021-02-15,0.4,1.6,1.6,2.933333333333333,6.533333333333333,1.3666666666666667,0.006207591346182075,0.01308970154935168,0.010271062113804524,0.020569780723184137,0.047506161785791326,0.010506843846806845
2021-02-16,0.4,1.6,1.6,2.933333333333333,6.566666666666666,1.3666666666666667,0.006207591346182075,0.01308970154935168,0.010259401277555983,0.020569780723184137,0.04778139391838667,0.010506843846806845
2021-02-17,0.4,1.6333333333333333,1.5666666666666667,2.9,6.533333333333333,1.4666666666666666,0.006207591346182075,0.013562514788122364,0.010098685055077404,0.020296594313634085,0.047655863808123734,0.011319851976888147
2021-02-18,0.4,1.6333333333333333,1.6333333333333333,2.933333333333333,6.5,1.5,0.006207591346182075,0.013562514788122364,0.010541826143379783,0.02072995284223071,0.04762839379622007,0.011678274915956247
2021-02-19,0.4,1.6333333333333333,1.6333333333333333,2.8333333333333335,6.5,1.5,0.006207591346182075,0.013562514788122364,0.010541826143379783,0.02019545113333088,0.047649008102548664,0.011678274915956247
2021-02-20,0.4,1.6666666666666667,1.6333333333333333,2.8333333333333335,6.366666666666666,1.5,0.006207591346182075,0.013871156763431005,0.010541826143379783,0.02019545113333088,0.04665398322692677,0.011678274915956247
2021-02-21,0.4,1.6333333333333333,1.6,2.7666666666666666,6.2,1.5,0.006207591346182075,0.013600154053403904,0.010298517140946694,0.01965781672472873,0.04666433519380047,0.011716969161066702
2021-02-22,0.4,1.6666666666666667,1.6333333333333333,2.7333333333333334,6.2,1.4333333333333333,0.006207591346182075,0.013933487386737239,0.010493448914825836,0.01968069313192878,0.04661495247775109,0.0109039610309854
2021-02-23,0.4,1.7666666666666666,1.6333333333333333,2.7666666666666666,6.3,1.4333333333333333,0.006207591346182075,0.014859413312663165,0.010493448914825836,0.020108043559279205,0.04732109916367631,0.0109039610309854
2021-02-24,0.36666666666666664,1.9,1.7,2.7333333333333334,6.066666666666666,1.5,0.0058491684071139746,0.016591015044264898,0.010896499023758298,0.019864227497385343,0.045889606321140516,0.011336861463885833
2021-02-25,0.4,2.1666666666666665,1.7666666666666666,2.966666666666667,6.4,1.6666666666666667,0.0065158350737806415,0.019053909593490383,0.011491737118996393,0.021673013027101104,0.04774119029336676,0.0123785281305525
2021-02-26,0.4,2.2333333333333334,1.7666666666666666,3.2333333333333334,6.533333333333333,1.8666666666666667,0.0065158350737806415,0.019830291992244276,0.011621533153798847,0.023486981911576443,0.047958642165151694,0.01403142069253597
2021-02-27,0.3333333333333333,2.033333333333333,1.6333333333333333,2.7333333333333334,6.0,1.7333333333333334,0.005457634015579583,0.018426588288540567,0.011696801971003146,0.0202402286648232,0.04535817788244442,0.013330164454366982
2021-02-28,0.26666666666666666,1.9333333333333333,1.4,2.3,5.6,1.6,0.00472503328297885,0.017441647303599584,0.010626465579565836,0.0174079846561086,0.042408869126684054,0.012404238528441055
2021-03-01,0.23333333333333334,1.9333333333333333,1.4333333333333333,2.3333333333333335,5.4,1.6,0.004292132850078417,0.017441647303599584,0.01055767401799739,0.017350520730684004,0.039966939406612584,0.012404238528441055
2021-03-02,0.23333333333333334,2.1666666666666665,1.3666666666666667,2.3333333333333335,5.266666666666667,1.6333333333333333,0.004292132850078417,0.01881206692534899,0.00981693327725665,0.017140228545869527,0.03739015111553858,0.012699223779178518
2021-03-03,0.2,2.1666666666666665,1.4,2.2,5.133333333333334,1.6,0.003651107209052776,0.0186445789232876,0.009756457918112887,0.016020060187628762,0.03604496415452903,0.012462817159793175
2021-03-04,0.2,2.3666666666666667,1.3,2.3,4.933333333333334,1.7,0.003651107209052776,0.02062396036658657,0.009068684153416046,0.016288740254288624,0.03454282798508988,0.013004848967647769
2021-03-05,0.16666666666666666,2.7,1.2666666666666666,2.3666666666666667,4.866666666666666,1.9,0.003206662764608332,0.022465580992737582,0.008954729304175232,0.016345011192312076,0.034145149085596224,0.01441329967187312
2021-03-06,0.13333333333333333,2.7,1.3,2.433333333333333,4.933333333333334,1.9,0.0027091503267973865,0.022465580992737582,0.009529441947853391,0.01721432443485047,0.03511811077261993,0.01441329967187312
2021-03-07,0.1,2.7,1.3666666666666667,2.3666666666666667,4.833333333333333,1.9,0.002055555555555556,0.02240645074492809,0.010650536330239662,0.016308856556642277,0.03450016662526401,0.014355641280881395
2021-03-08,0.1,2.7666666666666666,1.3666666666666667,2.3666666666666667,4.766666666666667,1.9,0.002055555555555556,0.023386842901790834,0.010650536330239662,0.016308856556642277,0.03356714159585344,0.014355641280881395
2021-03-09,0.1,2.7666666666666666,1.4333333333333333,2.4,4.866666666666666,1.9,0.002055555555555556,0.023386842901790834,0.011841012520715852,0.016648992611064048,0.0340453455624295,0.014355641280881395
2021-03-10,0.1,2.7666666666666666,1.5666666666666667,2.433333333333333,5.066666666666666,1.9,0.002055555555555556,0.023326043388186942,0.01268127743420731,0.016813907061692782,0.035365561366936006,0.014275325687845229
2021-03-11,0.1,2.7333333333333334,1.5666666666666667,2.3,4.966666666666667,1.9,0.002055555555555556,0.022947255509399064,0.01268127743420731,0.015930904854187262,0.034145154913971416,0.014275325687845229
2021-03-12,0.1,2.566666666666667,1.6333333333333333,2.3,4.8,1.9333333333333333,0.002055555555555556,0.021878879441022996,0.013375721878651754,0.016019163325424458,0.033011402548467225,0.01459583850835805
2021-03-13,0.03333333333333333,2.2666666666666666,1.4666666666666666,2.1,4.233333333333333,1.5,0.0006666666666666675,0.019844927569606676,0.012570568899585733,0.01489556781980648,0.030373836410901085,0.011647992703369388
2021-03-14,0.03333333333333333,2.1333333333333333,1.3666666666666667,1.8333333333333333,4.1,1.3,0.0006666666666666675,0.018913625254547484,0.011757560769504431,0.013414086338324999,0.02940765283602186,0.010450387912950226
2021-03-15,0.06666666666666667,2.1333333333333333,1.3,1.9,4.0,1.3,0.0012727272727272735,0.01900781851695883,0.011224227436171097,0.013650040146897061,0.02850763647208797,0.010450387912950226
2021-03-16,0.1,2.2333333333333334,1.3666666666666667,2.1,3.933333333333333,1.3333333333333333,0.001981947130883302,0.02008740371295676,0.01173704794899161,0.015239844377615757,0.02689011749734615,0.010701838589932818
2021-03-17,0.13333333333333333,2.2333333333333334,1.3333333333333333,2.2666666666666666,4.133333333333334,1.2333333333333334,0.0024869976359338073,0.02008740371295676,0.011478650016175072,0.016447573846214793,0.027993458600687252,0.0095390478922584
2021-03-18,0.13333333333333333,2.5,1.3,2.6333333333333333,4.5,1.4333333333333333,0.0024869976359338073,0.023188178906755213,0.011248764958703807,0.018290119909866384,0.029117020928129633,0.010821099174309682
2021-03-19,0.16666666666666666,2.9,1.2666666666666666,2.7666666666666666,4.7,1.4666666666666666,0.00291989806883424,0.025961546113275797,0.011060441041566331,0.018841529528440183,0.02981707678365002,0.011265952679448505
2021-03-20,0.2,2.933333333333333,1.2666666666666666,2.7333333333333334,4.6,1.4333333333333333,0.0038722790212151925,0.02660257175430144,0.01241527975124375,0.01844136946441457,0.029065360910461222,0.010907529740380405
2021-03-21,0.2,3.066666666666667,1.2666666666666666,2.7,4.666666666666667,1.4333333333333333,0.0038722790212151925,0.028135138804109873,0.01241527975124375,0.018186916538205918,0.029722957282343306,0.010907529740380405
2021-03-22,0.23333333333333334,3.1,1.3666666666666667,2.9,4.866666666666666,1.5666666666666667,0.004385099534035705,0.028692297694602093,0.013129565465529463,0.01978691653820592,0.030859320918706943,0.011866762354289278
2021-03-23,0.23333333333333334,3.2333333333333334,1.4,2.9,4.866666666666666,1.5333333333333334,0.004385099534035705,0.029785193869465484,0.013303176576640574,0.01978691653820592,0.029917291933199693,0.01150444351370957
2021-03-24,0.23333333333333334,3.3,1.4,2.9,5.0,1.7,0.004385099534035705,0.030171284996563803,0.013275748990366123,0.01964074081127798,0.03003530210022947,0.012748224608236932
2021-03-25,0.26666666666666666,3.7333333333333334,1.5333333333333334,3.1,5.233333333333333,1.8666666666666667,0.004763887412823584,0.03305488288016169,0.014176649891267023,0.020531657803889887,0.030896784163596844,0.013783421295607532
2021-03-26,0.36666666666666664,4.0,1.5,3.3,5.833333333333333,2.033333333333333,0.0058277172000576255,0.03571888554416435,0.014163127240827538,0.0219694309807935,0.033767597560726025,0.014959716265005949
2021-03-27,0.3333333333333333,3.8666666666666667,1.4666666666666666,3.066666666666667,5.566666666666666,1.9666666666666666,0.005161050533390959,0.034250750742696214,0.013891513741058698,0.02016064545107774,0.03250594881520631,0.014993318415543584
2021-03-28,0.3333333333333333,3.7333333333333334,1.4333333333333333,2.6666666666666665,5.166666666666667,1.7666666666666666,0.005161050533390959,0.03296634238765816,0.013599116080239984,0.017644922180637488,0.031080119712632494,0.013340425853560113
2021-03-29,0.3333333333333333,3.7333333333333334,1.3666666666666667,2.6666666666666665,5.1,1.7666666666666666,0.005161050533390959,0.03278349146951313,0.012523847263035685,0.017644922180637488,0.03116055729307008,0.013512408342615774
2021-03-30,0.3333333333333333,3.7666666666666666,1.4,2.6666666666666665,5.0,1.7666666666666666,0.005161050533390959,0.033110211979719875,0.012797071306751532,0.017644922180637488,0.03064398485099049,0.013512408342615774
2021-03-31,0.3333333333333333,3.8,1.3,2.6,5.066666666666666,1.8,0.005161050533390959,0.0335375624070703,0.012116799197907995,0.01729588204102143,0.0315074958596256,0.013748814962001117
2021-04-01,0.3333333333333333,3.533333333333333,1.3,2.566666666666667,5.066666666666666,1.7666666666666666,0.005161050533390959,0.03164630945198756,0.012116799197907995,0.017179895566223916,0.03163369126532411,0.013453829711263654
2021-04-02,0.3333333333333333,3.5,1.2,2.533333333333333,5.0,1.7666666666666666,0.005161050533390959,0.03139185652577891,0.011668368704634452,0.017008074260381992,0.03224010754075447,0.013453829711263654
2021-04-03,0.3333333333333333,3.2333333333333334,1.1333333333333333,2.2666666666666666,4.866666666666666,1.6,0.005161050533390959,0.028725189859112245,0.011273891387080211,0.015361983725402569,0.03154926125405326,0.012398977390588548
2021-04-04,0.3333333333333333,2.9,1.0333333333333334,2.1,4.6,1.4,0.005161050533390959,0.026883569232961233,0.010543964379780942,0.014524462787379119,0.03043244115842777,0.010990526686363196
2021-04-05,0.3333333333333333,2.9,1.0,2.0,4.466666666666667,1.4,0.005161050533390959,0.026883569232961233,0.009969251736102781,0.013375037500022797,0.029389030824759653,0.010990526686363196
2021-04-06,0.3333333333333333,2.8666666666666667,0.9,1.9666666666666666,4.466666666666667,1.4,0.005161050533390959,0.026783252231235778,0.00856080103187743,0.013104034789995696,0.029302684359568072,0.011044203551634265
2021-04-07,0.3333333333333333,2.8666666666666667,0.9,1.9666666666666666,4.433333333333334,1.4,0.005161050533390959,0.027014981286494245,0.00856080103187743,0.013104034789995696,0.02895931668946773,0.011044203551634265
2021-04-08,0.3333333333333333,2.9,0.8666666666666667,1.9333333333333333,4.3,1.4,0.005161050533390959,0.0274265039202391,0.0076504368862191675,0.012763898735573927,0.028093515823666863,0.011044203551634265
2021-04-09,0.36666666666666664,2.8666666666666667,0.7,1.8666666666666667,4.2,1.4333333333333333,0.006113431485771912,0.027099706534618188,0.0066152401988485675,0.012258848230523423,0.02735301016408789,0.011541635289941916
2021-04-10,0.4,2.8666666666666667,0.7,1.8666666666666667,4.1,1.4333333333333333,0.006767026257013742,0.027099706534618188,0.0066152401988485675,0.012258848230523423,0.026771614815250682,0.011541635289941916
2021-04-11,0.4,2.9,0.6666666666666666,1.8333333333333333,4.533333333333333,1.4666666666666666,0.006767026257013742,0.027372930578334034,0.0064109918328354954,0.01202244161113808,0.03007287559826329,0.011602074850381476
2021-04-12,0.4,2.933333333333333,0.7666666666666667,1.8666666666666667,4.766666666666667,1.4666666666666666,0.006767026257013742,0.027836834140571608,0.007186185631285108,0.012276894537346731,0.03149182701721471,0.011602074850381476
2021-04-13,0.43333333333333335,3.0,0.7666666666666667,1.9666666666666666,4.866666666666666,1.4666666666666666,0.007250118044453356,0.028592964449383706,0.007186185631285108,0.01316185028955912,0.03210532394973004,0.011602074850381476
2021-04-14,0.43333333333333335,3.1,0.8666666666666667,2.0,5.066666666666666,1.6,0.007338501882837194,0.029439555721506895,0.007788595269839325,0.013705156753918217,0.03303420034252396,0.012467875716182342
2021-04-15,0.4,3.1333333333333333,0.8,1.8666666666666667,5.0,1.7666666666666666,0.006629282024681165,0.029667549377335605,0.007275774757018812,0.012589824589491955,0.03200131648615366,0.013275956524263149
2021-04-16,0.36666666666666664,3.533333333333333,0.8666666666666667,1.8,5.233333333333333,2.066666666666667,0.006124231519630661,0.03370795341773965,0.007708675189919245,0.012201767252040462,0.033198891520938,0.014906391306871845
2021-04-17,0.36666666666666664,3.3333333333333335,0.9,1.4666666666666666,4.833333333333333,1.8666666666666667,0.006124231519630661,0.03123610904155126,0.008283387833597406,0.010617619121205407,0.031738314183583416,0.013624340024820563
2021-04-18,0.3333333333333333,2.8666666666666667,0.9,1.3,4.7,1.7333333333333334,0.005691331086730228,0.027753521976874643,0.008283387833597406,0.009788431724853832,0.032497121771659296,0.012366478389600437
2021-04-19,0.3333333333333333,2.8333333333333335,1.0,1.3,5.0,1.8666666666666667,0.005303921885761705,0.027112496335849,0.007495509045718618,0.00966555238443842,0.034324206143967396,0.013060922834044881
2021-04-20,0.3333333333333333,3.0,1.1333333333333333,1.5333333333333334,5.6,2.066666666666667,0.005303921885761705,0.027802151508262797,0.00830851717579992,0.011593927040085801,0.03691679873655999,0.01431092283404488
2021-04-21,0.3333333333333333,3.3333333333333335,1.2666666666666666,1.7,5.633333333333334,2.0,0.005157401739241558,0.030355154061265346,0.008626679839095326,0.013267736563895325,0.037121431268778725,0.013616240484686272
2021-04-22,0.4,3.6666666666666665,1.5666666666666667,1.9666666666666666,5.833333333333333,2.2,0.006183042764882584,0.03318382651385294,0.01015374900009306,0.014924051263688285,0.038307621613097004,0.014631468911082211
2021-04-23,0.43333333333333335,3.7,1.7333333333333334,2.1333333333333333,6.366666666666666,2.4,0.00654934313118295,0.03403302950440167,0.011236244812488368,0.016401258000041365,0.0413719820723066,0.015665120528770168
2021-04-24,0.4,3.1666666666666665,1.6333333333333333,1.9333333333333333,6.2,2.2666666666666666,0.006170555252395071,0.03022350569487786,0.010622700233426548,0.015426633191762875,0.04061546650593402,0.014910035886217496
2021-04-25,0.3,2.9,1.5666666666666667,1.7333333333333334,5.766666666666667,2.033333333333333,0.005106725465161029,0.028858204329576496,0.010047987589748389,0.014192065290528307,0.039445333380913675,0.013300840483918644
2021-04-26,0.3,2.7333333333333334,1.5666666666666667,1.7666666666666666,5.766666666666667,1.9333333333333333,0.005106725465161029,0.027623636428341928,0.010038828403084165,0.014554384131108017,0.03952968050175714,0.012225571666714345
2021-04-27,0.3,2.7333333333333334,1.6,1.8666666666666667,6.0,1.9333333333333333,0.005106725465161029,0.027840608463057453,0.010321314278790378,0.015665495242219128,0.04138323677316891,0.012225571666714345
2021-04-28,0.3,2.7,1.6333333333333333,1.8666666666666667,6.033333333333333,1.8666666666666667,0.005106725465161029,0.027560496418239527,0.010624344581820681,0.015665495242219128,0.04156319247638043,0.011412563536633042
2021-04-29,0.3,2.6333333333333333,1.6,1.8666666666666667,6.133333333333334,1.8666666666666667,0.005106725465161029,0.02694887562313249,0.010351120538104833,0.015665495242219128,0.04184848068230664,0.011412563536633042
2021-04-30,0.3,2.6,1.6,1.8666666666666667,6.166666666666667,1.8333333333333333,0.005106725465161029,0.026521525195782065,0.010351120538104833,0.015665495242219128,0.04157656669845543,0.0111761569172477
2021-05-01,0.3,2.6,1.6,1.8333333333333333,6.233333333333333,1.8333333333333333,0.005106725465161029,0.026521525195782065,0.010351120538104833,0.015356853266910487,0.041897757454428794,0.0111761569172477
2021-05-02,0.3333333333333333,2.6333333333333333,1.6,1.8666666666666667,6.3,1.8333333333333333,0.005691520786798456,0.02688782556208243,0.010351120538104833,0.01572722363728086,0.04328664634331768,0.0111761569172477
2021-05-03,0.3333333333333333,2.6333333333333333,1.6333333333333333,1.9333333333333333,6.433333333333334,1.8333333333333333,0.005691520786798456,0.02688782556208243,0.010648739585723882,0.016297024207081425,0.044344847401518735,0.0111761569172477
2021-05-04,0.3333333333333333,2.6666666666666665,1.6666666666666667,1.9333333333333333,6.5,1.8666666666666667,0.005691520786798456,0.027142278488291083,0.010881839818824115,0.016297024207081425,0.0446891019124399,0.011493617234708018
2021-05-05,0.3333333333333333,2.6666666666666665,1.7,2.0,6.6,1.8666666666666667,0.005691520786798456,0.027142278488291083,0.011092810282959135,0.016646064346697482,0.04479466137760528,0.011493617234708018
2021-05-06,0.3333333333333333,3.1,1.9,2.033333333333333,6.666666666666667,2.1,0.005691520786798456,0.030661398908819956,0.012563398518253253,0.016879164579797715,0.04485116982063148,0.012885684359040589
2021-05-07,0.36666666666666664,3.2,1.9666666666666666,2.066666666666667,6.666666666666667,2.1,0.006297581392859062,0.031222327342088813,0.013236799191653928,0.017109049637268982,0.04468062645050499,0.012885684359040589
2021-05-08,0.36666666666666664,3.1666666666666665,1.9333333333333333,2.066666666666667,6.733333333333333,2.1333333333333333,0.006297581392859062,0.030810804708343957,0.012956687146836,0.017109049637268982,0.045334221221746816,0.013138209611565841
2021-05-09,0.36666666666666664,3.3333333333333335,1.9333333333333333,2.1,6.633333333333334,2.066666666666667,0.005998795211719939,0.03266265656019581,0.012956687146836,0.017483581472474974,0.04465417662865875,0.012397468870825101
2021-05-10,0.3333333333333333,3.3333333333333335,1.9666666666666666,2.1333333333333333,6.7,2.066666666666667,0.005345200440478109,0.03266265656019581,0.013348844009581097,0.017810378858095888,0.04515168906646969,0.012397468870825101
2021-05-11,0.3333333333333333,3.3,1.9333333333333333,2.1666666666666665,6.2,2.066666666666667,0.005345200440478109,0.03238943251647996,0.012858647931149724,0.01808138156812299,0.04136381027859091,0.01241812291557553
2021-05-12,0.3333333333333333,3.2,1.8333333333333333,2.1333333333333333,5.933333333333334,2.1,0.005345200440478109,0.03130247599474083,0.012083454132700113,0.017826928641914336,0.03965050011457651,0.012621374948095855
2021-05-13,0.3,3.1,1.8333333333333333,2.033333333333333,5.866666666666666,2.1,0.004862108653038496,0.030359079768325737,0.012083454132700113,0.016941972889701947,0.039391613111139194,0.012621374948095855
2021-05-14,0.26666666666666666,2.966666666666667,1.7333333333333334,1.9,5.6,1.9666666666666666,0.004167664208594051,0.029157878567124536,0.011481044494145895,0.015740771688500747,0.03777545149497758,0.01175557408229499
2021-05-15,0.26666666666666666,2.8,1.7333333333333334,1.8,5.433333333333334,1.7333333333333334,0.004167664208594051,0.027555314464560433,0.011481044494145895,0.014878702722983504,0.037491795039943286,0.010341432668153575
2021-05-16,0.26666666666666666,2.4,1.6666666666666667,1.7333333333333334,4.933333333333334,1.4333333333333333,0.004167664208594051,0.02351491042415639,0.011048144061245463,0.014406252814058185,0.03458481829575724,0.00871099788554488
2021-05-17,0.26666666666666666,2.3333333333333335,1.7,1.8333333333333333,4.9,1.4333333333333333,0.004167664208594051,0.022885979606546328,0.010847963252773294,0.015597130243560487,0.034322976577604844,0.00871099788554488
2021-05-18,0.26666666666666666,2.4,1.7,1.8666666666666667,4.866666666666666,1.4333333333333333,0.004167664208594051,0.023566251715389865,0.010847963252773294,0.016073320719750962,0.03298964324427151,0.00871099788554488
2021-05-19,0.26666666666666666,2.533333333333333,1.5,1.8666666666666667,4.633333333333334,1.3333333333333333,0.003923205277694442,0.024705852854991005,0.009635842040652081,0.016166714581764486,0.03148743168771213,0.008234418364847711
2021-05-20,0.26666666666666666,2.3666666666666667,1.4,1.7666666666666666,4.066666666666666,1.2333333333333334,0.003923205277694442,0.023623231772369923,0.009003993330860636,0.015109799621106208,0.02875272023207044,0.007736298064095832
2021-05-21,0.23333333333333334,2.033333333333333,1.1666666666666667,1.4333333333333333,3.966666666666667,1.1666666666666667,0.0035569049113940757,0.020913648211722535,0.007971544953279515,0.012094388030113224,0.028377907638367294,0.007471747799545568
2021-05-22,0.16666666666666666,1.5666666666666667,0.8333333333333334,1.2,3.6666666666666665,0.9666666666666667,0.00253126388575305,0.016992079584271555,0.006270864681170672,0.010792683259398278,0.026467079612889587,0.006456519373149628
2021-05-23,0.13333333333333333,1.4333333333333333,0.6666666666666666,1.0,2.933333333333333,0.6,0.0021649635194526833,0.015423452133291162,0.00529864245894845,0.009166666999235677,0.02266742503603294,0.0041790866609343075
2021-05-24,0.13333333333333333,1.4333333333333333,0.6333333333333333,0.9666666666666667,2.7,0.5666666666666667,0.0021649635194526833,0.015423452133291162,0.005011286137109369,0.008823024387551828,0.02131867744451078,0.0038989746161163805
2021-05-25,0.13333333333333333,1.3333333333333333,0.6333333333333333,0.9,2.533333333333333,0.5666666666666667,0.0021649635194526833,0.013059815769654799,0.005011286137109369,0.008205740436934544,0.019617997172401935,0.0038989746161163805
2021-05-26,0.13333333333333333,1.3666666666666667,0.6,0.8666666666666667,2.466666666666667,0.5666666666666667,0.0021649635194526833,0.013504260214099244,0.004696820728304338,0.007843421596354833,0.019169695545871675,0.0038989746161163805
2021-05-27,0.13333333333333333,1.3333333333333333,0.6333333333333333,0.9,2.3333333333333335,0.5666666666666667,0.0021649635194526833,0.01301406413566787,0.005025955647705156,0.008092854702930799,0.01778598759114507,0.0038989746161163805
2021-05-28,0.13333333333333333,1.4,0.7,1.0333333333333334,2.4,0.6,0.0021649635194526833,0.013667658906909701,0.006335828570481305,0.00940004424541446,0.018660958809197107,0.00416144180771743
2021-05-29,0.13333333333333333,1.4,0.7,1.0333333333333334,2.3,0.6,0.0021649635194526833,0.013667658906909701,0.006335828570481305,0.00940004424541446,0.018515119779026656,0.00416144180771743
2021-05-30,0.13333333333333333,1.4,0.7,1.0666666666666667,2.2,0.6,0.0021649635194526833,0.013667658906909701,0.006335828570481305,0.009897556683225403,0.018982053264828064,0.00416144180771743
2021-05-31,0.13333333333333333,1.4333333333333333,0.7333333333333333,1.0666666666666667,2.3333333333333335,0.6333333333333333,0.0021649635194526833,0.014150750694349314,0.006694251509549405,0.009897556683225403,0.020214485697260497,0.004451296880181198
2021-06-01,0.1,1.5,0.7333333333333333,1.1333333333333333,2.3666666666666667,0.6666666666666666,0.0015801681978152566,0.01484828011528299,0.006694251509549405,0.010955757741426462,0.018478374586149385,0.004689392118276436
2021-06-02,0.1,1.5,0.7,1.1,2.3666666666666667,0.7,0.0015801681978152566,0.01484828011528299,0.006396632461930358,0.010764745050413771,0.018838613244260383,0.004979247190740205
2021-06-03,0.13333333333333333,1.4666666666666666,0.6666666666666666,1.1,2.3333333333333335,0.6666666666666666,0.0022211938388408976,0.014593827189074338,0.006163532228830124,0.010764745050413771,0.018393870648354998,0.004661786873279888
2021-06-04,0.13333333333333333,1.4666666666666666,0.6333333333333333,1.0333333333333334,2.3,0.6666666666666666,0.0022211938388408976,0.014593827189074338,0.0059525617646951036,0.010415704910797715,0.01866597949189241,0.004661786873279888
2021-06-05,0.16666666666666666,1.0333333333333334,0.43333333333333335,1.0666666666666667,2.3333333333333335,0.43333333333333335,0.0026841568018038608,0.010850321239686034,0.004481973529400985,0.011083505578598383,0.019818812166464212,0.003154314488614521
2021-06-06,0.13333333333333333,0.8666666666666667,0.36666666666666664,1.0333333333333334,2.6666666666666665,0.43333333333333335,0.0020780961957432547,0.009077271594295963,0.0038085728560003115,0.010853620521127118,0.021662965520539913,0.003154314488614521
2021-06-07,0.13333333333333333,0.9666666666666667,0.43333333333333335,1.1666666666666667,2.8,0.43333333333333335,0.0020780961957432547,0.010282090871404395,0.004533210537159732,0.01307584274334934,0.02267603741596475,0.003225413831558524
2021-06-08,0.1,1.0666666666666667,0.5333333333333333,1.3666666666666667,3.8,0.43333333333333335,0.0014245014245014248,0.01180576644571288,0.005450641729820282,0.014730296415389725,0.027950762690690023,0.003225413831558524
2021-06-09,0.1,1.0666666666666667,0.5333333333333333,1.3666666666666667,3.8333333333333335,0.43333333333333335,0.0014245014245014248,0.01180576644571288,0.0053918182004085175,0.014688399314669094,0.028102600902229723,0.003225413831558524
2021-06-10,0.13333333333333333,1.0666666666666667,0.5333333333333333,1.3333333333333333,3.8333333333333335,0.36666666666666664,0.001900691900691901,0.01180576644571288,0.0053918182004085175,0.014417396604641995,0.028102600902229723,0.002823807405855713
2021-06-11,0.13333333333333333,1.1333333333333333,0.5333333333333333,1.4,4.0,0.3333333333333333,0.001900691900691901,0.012554830116124866,0.0053918182004085175,0.014750729937975328,0.028862883993814054,0.0026205553733353875
2021-06-12,0.13333333333333333,1.2,0.5333333333333333,1.4,4.266666666666667,0.4,0.001900691900691901,0.013564931126225876,0.0053918182004085175,0.014750729937975328,0.030591607398069376,0.003153888706668721
2021-06-13,0.16666666666666666,1.2,0.5333333333333333,1.4,4.3,0.4,0.002713700030773202,0.013564931126225876,0.0053918182004085175,0.014750729937975328,0.031013548326339416,0.003153888706668721
2021-06-14,0.2,1.2666666666666666,0.5333333333333333,1.4666666666666666,4.366666666666666,0.4,0.003308938126011297,0.014777052338347089,0.0053918182004085175,0.015397979128913839,0.03126528196365299,0.003153888706668721
2021-06-15,0.2,1.2666666666666666,0.5333333333333333,1.4333333333333333,4.433333333333334,0.4,0.003308938126011297,0.014777052338347089,0.0053918182004085175,0.015050756906691616,0.03188833492315455,0.003153888706668721
2021-06-16,0.2,1.2666666666666666,0.4666666666666667,1.3333333333333333,4.433333333333334,0.43333333333333335,0.003308938126011297,0.014777052338347089,0.0050172863652025255,0.013921994364885596,0.031957931610352236,0.0034683541154737524
2021-06-17,0.2,1.2,0.4666666666666667,1.3333333333333333,4.433333333333334,0.43333333333333335,0.003308938126011297,0.014096780229503551,0.0050172863652025255,0.013820335723901114,0.03207154898712751,0.0034683541154737524
2021-06-18,0.16666666666666666,1.0666666666666667,0.5333333333333333,1.3,4.6,0.4,0.0029884253054984766,0.012957179089902411,0.006435726081514582,0.013569709157485073,0.03361976928534781,0.0032504891917264755
2021-06-19,0.16666666666666666,0.9333333333333333,0.5333333333333333,1.1666666666666667,4.566666666666666,0.4,0.0029884253054984766,0.011817577950301273,0.0066561730869275386,0.012698249462495965,0.03343050413280236,0.003609720603589466
2021-06-20,0.16666666666666666,0.8666666666666667,0.5666666666666667,1.1333333333333333,4.533333333333333,0.4,0.0029884253054984766,0.011108358092145245,0.00706267715196819,0.012439851529679429,0.033425859019461594,0.003609720603589466
2021-06-21,0.16666666666666666,0.9333333333333333,0.6,1.1,4.633333333333334,0.4,0.0029884253054984766,0.011645992500747394,0.00750127364319626,0.012085241600601414,0.034075209668812244,0.003609720603589466
2021-06-22,0.16666666666666666,1.0666666666666667,0.8333333333333334,1.2333333333333334,4.9,0.4666666666666667,0.0029884253054984766,0.013020562947482791,0.009445718087640703,0.012817842333202146,0.035818129058790456,0.003995077058310082
2021-06-23,0.2,1.1,0.8666666666666667,1.3666666666666667,5.233333333333333,0.5666666666666667,0.0038014334355797774,0.013275015873691443,0.009716720797667803,0.013770223285583099,0.037778913372515946,0.004612361008927366
2021-06-24,0.2,1.2333333333333334,0.8666666666666667,1.3666666666666667,5.333333333333333,0.6,0.0038014334355797774,0.014210913309588877,0.009716720797667803,0.013770223285583099,0.038508840379815217,0.0049181714064808835
2021-06-25,0.2,1.3333333333333333,1.0,1.3666666666666667,5.433333333333334,0.6,0.0038014334355797774,0.015036310134985706,0.010501034523158,0.013770223285583099,0.039045477121878516,0.0049181714064808835
2021-06-26,0.2,1.3666666666666667,0.9333333333333333,1.2333333333333334,5.4,0.6,0.0038014334355797774,0.015811503933435316,0.009889413728050966,0.012409679067896024,0.03939752703275196,0.0049181714064808835
2021-06-27,0.2,1.3,0.8333333333333334,1.1,5.233333333333333,0.5666666666666667,0.0038014334355797774,0.015157909162193487,0.008276510502244514,0.011102489525412363,0.037747362016250306,0.004655704214879834
2021-06-28,0.2,1.3666666666666667,0.8333333333333334,1.1333333333333333,5.266666666666667,0.5666666666666667,0.0038014334355797774,0.016152934037815377,0.008276510502244514,0.011400108573031411,0.03802184598638645,0.004655704214879834
2021-06-29,0.2,1.3666666666666667,0.8666666666666667,1.1,5.433333333333334,0.5666666666666667,0.0038014334355797774,0.016152934037815377,0.008623732724466737,0.010902596135220466,0.03806225002679049,0.004655704214879834
2021-06-30,0.2,1.3333333333333333,0.8666666666666667,1.1333333333333333,5.2,0.5333333333333333,0.0038014334355797774,0.01566984225037576,0.008657466648143736,0.011163012801887133,0.03621877176592092,0.004365849142416066
2021-07-01,0.2,1.2333333333333334,0.9,1.0333333333333334,5.0,0.5,0.0038014334355797774,0.014606012463141721,0.008981091243612991,0.009734441373315703,0.03517710509925425,0.004127753904320827
2021-07-02,0.2,1.2333333333333334,0.9,1.0333333333333334,5.1,0.4666666666666667,0.0038014334355797774,0.014606012463141721,0.008981091243612991,0.0096244706988289,0.03568704003858958,0.003837898831857059
2021-07-03,0.16666666666666666,1.2666666666666666,0.9,1.0333333333333334,5.166666666666667,0.4666666666666667,0.003160407794554136,0.015223296413759005,0.008981091243612991,0.0096244706988289,0.036757545760258095,0.003837898831857059
2021-07-04,0.16666666666666666,1.3333333333333333,0.9,1.0333333333333334,5.266666666666667,0.4666666666666667,0.003160407794554136,0.01637272170111533,0.008981091243612991,0.0096244706988289,0.04006048395681331,0.003837898831857059
2021-07-05,0.13333333333333333,1.3,0.9,0.9666666666666667,5.233333333333333,0.43333333333333335,0.0026974448315911733,0.016127623661899643,0.008981091243612991,0.008723569797927998,0.03938566857611558,0.0035909852516101456
2021-07-06,0.13333333333333333,1.3333333333333333,0.9,0.9666666666666667,5.033333333333333,0.43333333333333335,0.0026974448315911733,0.016597107229974758,0.008981091243612991,0.008723569797927998,0.03873703913900153,0.0035909852516101456
2021-07-07,0.13333333333333333,1.2333333333333334,0.8333333333333334,0.9333333333333333,4.933333333333334,0.4,0.0026974448315911733,0.015392287952866325,0.008256453562453572,0.007472221362113544,0.038233163170009285,0.00326736065614089
2021-07-08,0.13333333333333333,0.9666666666666667,0.7666666666666667,0.7,3.966666666666667,0.4,0.0026974448315911733,0.01201676052670599,0.007665819755413936,0.005443235854867167,0.03368733446687722,0.00326736065614089
2021-07-09,0.13333333333333333,0.9666666666666667,0.7333333333333333,0.7666666666666667,4.066666666666666,0.4,0.0026974448315911733,0.01201676052670599,0.007332486422080603,0.006178743733232188,0.03570465048419324,0.00326736065614089
2021-07-10,0.1,1.0333333333333334,0.7333333333333333,0.8333333333333334,4.166666666666667,0.4,0.002221254355400697,0.013377304744393062,0.007332486422080603,0.00732816902058851,0.03680355158309434,0.00326736065614089
2021-07-11,0.1,0.9666666666666667,0.7666666666666667,0.8333333333333334,4.033333333333333,0.4,0.002221254355400697,0.012628241073981078,0.007644012901831382,0.008020476712896202,0.03688379552467675,0.00326736065614089
2021-07-12,0.1,0.9,0.7666666666666667,0.8666666666666667,3.7666666666666666,0.3333333333333333,0.002221254355400697,0.011618140063880067,0.007644012901831382,0.008426980777936853,0.03525708319590962,0.0027340273228075567
2021-07-13,0.06666666666666667,0.9,0.7666666666666667,0.8666666666666667,3.966666666666667,0.4,0.0014082462253193963,0.011618140063880067,0.007644012901831382,0.008426980777936853,0.036672412608846926,0.0033400879288681628
2021-07-14,0.03333333333333333,0.8333333333333334,0.7666666666666667,0.8,3.8666666666666667,0.4,0.000813008130081301,0.010406018851758854,0.007644012901831382,0.007779731586998341,0.035845966327855194,0.0033400879288681628
2021-07-15,0.03333333333333333,0.8333333333333334,0.7666666666666667,0.8,3.933333333333333,0.4,0.000813008130081301,0.010406018851758854,0.007644012901831382,0.007779731586998341,0.036203305525216375,0.0033400879288681628
2021-07-16,0.03333333333333333,0.8333333333333334,0.7666666666666667,0.8,3.9,0.36666666666666664,0.000813008130081301,0.010406018851758854,0.007644012901831382,0.007799354820907291,0.035913810074430605,0.0030256225200631314
2021-07-17,0.03333333333333333,0.8333333333333334,0.7666666666666667,0.7666666666666667,3.7666666666666666,0.36666666666666664,0.000813008130081301,0.010406018851758854,0.007644012901831382,0.007424822985701298,0.03491130380876644,0.0030256225200631314
2021-07-18,0.03333333333333333,0.8333333333333334,0.7,0.8333333333333334,3.533333333333333,0.36666666666666664,0.000813008130081301,0.010406018851758854,0.006225573185519325,0.008450464011342324,0.03360790982244563,0.0030256225200631314
2021-07-19,0.03333333333333333,0.8333333333333334,0.6666666666666666,0.8333333333333334,3.4,0.26666666666666666,0.000813008130081301,0.010406018851758854,0.005823966759816513,0.008450464011342324,0.03282818272692906,0.0019145114089520203
2021-07-20,0.03333333333333333,0.8333333333333334,0.6333333333333333,0.8333333333333334,3.3,0.3,0.000813008130081301,0.010406018851758854,0.005417462694775862,0.008450464011342324,0.0318666442653906,0.0022768302495317304
2021-07-21,0.06666666666666667,0.8,0.6,0.8333333333333334,3.2,0.3,0.0012634585805317516,0.010535051109823371,0.004978866203547792,0.008450464011342324,0.031217293616039952,0.0022768302495317304
2021-07-22,0.06666666666666667,0.7666666666666667,0.3333333333333333,0.7,2.966666666666667,0.23333333333333334,0.0012634585805317516,0.010395048564322544,0.00275664398132557,0.007717863278741591,0.029774674526362035,0.001891473794811114
2021-07-23,0.03333333333333333,0.7333333333333333,0.3333333333333333,0.5666666666666667,2.6333333333333333,0.13333333333333333,0.00045045045045045073,0.010140595638113892,0.002803101588758787,0.006765482326360638,0.027813890212636545,0.00127418984419383
2021-07-24,0.03333333333333333,0.6,0.3333333333333333,0.5666666666666667,2.6,0.1,0.00045045045045045073,0.00911274417922795,0.002803101588758787,0.006765482326360638,0.028318531106571843,0.0009683794466403132
2021-07-25,0.03333333333333333,0.4666666666666667,0.2,0.5666666666666667,2.466666666666667,0.1,0.00045045045045045073,0.00784290290938668,0.002018787863268591,0.006765482326360638,0.028182885907232377,0.0009683794466403132
2021-07-26,0.03333333333333333,0.5333333333333333,0.23333333333333334,0.6,2.4,0.1,0.00045045045045045073,0.008230499808611486,0.0023933196984745834,0.007270532831411144,0.027544034708679686,0.0009683794466403132
2021-07-27,0.03333333333333333,0.5333333333333333,0.23333333333333334,0.6,2.4,0.1,0.00045045045045045073,0.008230499808611486,0.0023933196984745834,0.007270532831411144,0.027544034708679686,0.0009683794466403132
2021-07-28,0.06666666666666667,0.5666666666666667,0.3,0.8333333333333334,2.5,0.13333333333333333,0.0011911911911911914,0.008398265630664014,0.0030343453395002247,0.008850848056092564,0.028223240560299335,0.0013306982872200233
2021-07-29,0.1,0.6333333333333333,0.26666666666666666,0.8333333333333334,2.433333333333333,0.13333333333333333,0.002004199321272492,0.00942390665630504,0.002687123117278002,0.008850848056092564,0.028011771026249153,0.0013306982872200233
2021-07-30,0.1,0.6333333333333333,0.23333333333333334,0.8666666666666667,2.466666666666667,0.13333333333333333,0.002004199321272492,0.00942390665630504,0.002294966254532904,0.009503673398558317,0.028431135811941417,0.0013306982872200233
2021-07-31,0.1,0.6333333333333333,0.2,0.8666666666666667,2.7666666666666666,0.16666666666666666,0.002004199321272492,0.00942390665630504,0.0019713416590636484,0.009503673398558317,0.03158903054878352,0.0021437064173013237
2021-08-01,0.1,0.6333333333333333,0.2,0.8333333333333334,2.566666666666667,0.16666666666666666,0.002004199321272492,0.00942390665630504,0.0019713416590636484,0.009234856194257242,0.03009355632603657,0.0021437064173013237
2021-08-02,0.1,0.6,0.2,0.8666666666666667,2.433333333333333,0.16666666666666666,0.002004199321272492,0.008806622705687757,0.0019713416590636484,0.009790411749812798,0.02850625473873498,0.0021437064173013237
2021-08-03,0.1,0.5333333333333333,0.2,0.8666666666666667,2.3,0.16666666666666666,0.002004199321272492,0.007657197418331435,0.0019713416590636484,0.009790411749812798,0.024723748828569498,0.0021437064173013237
2021-08-04,0.1,0.5666666666666667,0.2,0.8666666666666667,2.3333333333333335,0.2,0.002004199321272492,0.008222169169743864,0.0019713416590636484,0.009790411749812798,0.025032837981472038,0.0025182382525073166
2021-08-05,0.1,0.5333333333333333,0.2,0.8666666666666667,2.3,0.2,0.002004199321272492,0.007752685601668747,0.0019713416590636484,0.009790411749812798,0.024644008006215763,0.0025182382525073166
2021-08-06,0.1,0.5666666666666667,0.2,0.7666666666666667,2.2,0.2,0.002004199321272492,0.008347923696906843,0.0019713416590636484,0.008819537963405032,0.023481217308541347,0.0025182382525073166
2021-08-07,0.1,0.5666666666666667,0.2,0.7666666666666667,2.1333333333333333,0.2,0.002004199321272492,0.008347923696906843,0.0023852850141834747,0.008819537963405032,0.022949273542596606,0.0025182382525073166
2021-08-08,0.1,0.5666666666666667,0.2,0.6666666666666666,2.1,0.2,0.002004199321272492,0.008347923696906843,0.0023852850141834747,0.007799129800139725,0.02196610855943162,0.0025182382525073166
2021-08-09,0.1,0.5,0.23333333333333334,0.6,2.1,0.2,0.002004199321272492,0.006987379479219768,0.002751585380483841,0.006649704512783404,0.021680215590611826,0.0025182382525073166
2021-08-10,0.1,0.5,0.2,0.5333333333333333,2.1666666666666665,0.23333333333333334,0.002004199321272492,0.006987379479219768,0.002440058900733062,0.005624063487142378,0.021680215590611826,0.0029297608862521723
2021-08-11,0.1,0.5,0.2,0.5,2.2,0.23333333333333334,0.002004199321272492,0.006987379479219768,0.002440058900733062,0.005217559422101727,0.02161119148527042,0.0029297608862521723
2021-08-12,0.1,0.5,0.23333333333333334,0.5333333333333333,2.033333333333333,0.16666666666666666,0.002004199321272492,0.006987379479219768,0.0027837015124169114,0.005544356807722642,0.020447321817463743,0.0023237002801915663
2021-08-13,0.1,0.5,0.23333333333333334,0.5333333333333333,2.033333333333333,0.16666666666666666,0.002004199321272492,0.006987379479219768,0.0027837015124169114,0.005544356807722642,0.020447321817463743,0.0023237002801915663
2021-08-14,0.1,0.5333333333333333,0.23333333333333334,0.5333333333333333,2.1,0.2,0.002004199321272492,0.0074093204074898115,0.0027837015124169114,0.005544356807722642,0.021371691565362904,0.002715857142936664
2021-08-15,0.13333333333333333,0.5333333333333333,0.23333333333333334,0.5,2.1666666666666665,0.2,0.0024546497717229426,0.0074093204074898115,0.0027837015124169114,0.005204220753300873,0.021624613246856016,0.002715857142936664
2021-08-16,0.13333333333333333,0.5666666666666667,0.23333333333333334,0.5,2.2,0.23333333333333334,0.0024546497717229426,0.007825987074156477,0.0027837015124169114,0.005204220753300873,0.02179555341779619,0.0030862275133070344
2021-08-17,0.13333333333333333,0.5666666666666667,0.23333333333333334,0.5,2.1666666666666665,0.23333333333333334,0.0024546497717229426,0.007825987074156477,0.0027837015124169114,0.004577781324466235,0.020982545287714885,0.0030862275133070344
2021-08-18,0.13333333333333333,0.5666666666666667,0.26666666666666666,0.5,2.3,0.23333333333333334,0.0024546497717229426,0.007825987074156477,0.0031421244514850117,0.004577781324466235,0.022112488790539744,0.0030862275133070344
2021-08-19,0.2,0.5666666666666667,0.26666666666666666,0.5333333333333333,2.4,0.2,0.003309350626423797,0.007825987074156477,0.0031421244514850117,0.0047970795700802695,0.022959946417658392,0.0027239086727273245
2021-08-20,0.2,0.5666666666666667,0.26666666666666666,0.6333333333333333,2.6,0.2,0.0032862506033237734,0.007517743346557912,0.0031421244514850117,0.0061304129034136035,0.02452244641765839,0.0027239086727273245
2021-08-21,0.2,0.4666666666666667,0.3,0.6333333333333333,2.6,0.2,0.0032862506033237734,0.006283175445323344,0.0038828651922257528,0.0061304129034136035,0.024605287879810197,0.0027239086727273245
2021-08-22,0.2,0.5,0.26666666666666666,0.6666666666666666,2.6,0.2,0.0032862506033237734,0.006746138408286307,0.003565404874765435,0.006344088117088817,0.024605287879810197,0.0027239086727273245
2021-08-23,0.2,0.4666666666666667,0.3,0.6666666666666666,2.6666666666666665,0.2,0.0032862506033237734,0.006171425764608146,0.003967011300468246,0.006344088117088817,0.024437386645242296,0.0027239086727273245
2021-08-24,0.2,0.5,0.3,0.6666666666666666,2.7,0.2,0.0032862506033237734,0.0065730321903109575,0.003967011300468246,0.006344088117088817,0.024146381354237006,0.0027239086727273245
2021-08-25,0.2,0.4,0.3,0.7333333333333333,2.8,0.23333333333333334,0.0032862506033237734,0.005410241492636539,0.003874965340968468,0.006299867105125869,0.024555898394884108,0.002913302612121264
2021-08-26,0.23333333333333334,0.6666666666666666,0.3,0.9,3.033333333333333,0.23333333333333334,0.0036977732370686296,0.009113945196340241,0.003874965340968468,0.007473576025313663,0.02617626876525448,0.002913302612121264
2021-08-27,0.23333333333333334,0.6333333333333333,0.26666666666666666,0.9666666666666667,3.0,0.23333333333333334,0.0034472285747592607,0.009026423315870122,0.0035885496290208405,0.008064777555482329,0.025727141477046734,0.002862510251292333
2021-08-28,0.2,0.7,0.26666666666666666,1.0333333333333334,2.933333333333333,0.23333333333333334,0.0026342204446779603,0.010260669295878815,0.0035885496290208405,0.008813841225894315,0.025176706249192153,0.002862510251292333
2021-08-29,0.2,0.7,0.26666666666666666,1.0,2.9,0.3333333333333333,0.0026342204446779603,0.010260669295878815,0.0035885496290208405,0.007992174308336986,0.0247790128707869,0.0032356445796505417
2021-08-30,0.2,0.7,0.26666666666666666,1.0333333333333334,2.7666666666666666,0.3,0.0026342204446779603,0.010260669295878815,0.0035885496290208405,0.008315798903806241,0.022778525541352204,0.0024226364495692414
2021-08-31,0.2,0.7,0.3,1.0666666666666667,2.7333333333333334,0.3,0.0026342204446779603,0.010260669295878815,0.003963081464226833,0.008564555122711714,0.022345625108451773,0.0024226364495692414
2021-09-01,0.23333333333333334,0.7333333333333333,0.3333333333333333,1.2,3.066666666666667,0.36666666666666664,0.0033749611854187013,0.010758181733689759,0.004379748130893499,0.009271625829782422,0.024046305380560615,0.0029602708581713917
2021-09-02,0.23333333333333334,0.7666666666666667,0.3333333333333333,1.2666666666666666,3.066666666666667,0.4,0.0033749611854187013,0.011145778632914567,0.004379748130893499,0.00969897625713285,0.02422074133272844,0.003235752951835304
2021-09-03,0.23333333333333334,0.7666666666666667,0.3333333333333333,1.4333333333333333,3.2,0.36666666666666664,0.0033749611854187013,0.010951177251872507,0.004379748130893499,0.011123477681634275,0.02452851094518997,0.0028612211166293114
2021-09-04,0.26666666666666666,0.8,0.3333333333333333,1.4333333333333333,3.1333333333333333,0.36666666666666664,0.004450230002623002,0.011367843918539174,0.004379748130893499,0.011123477681634275,0.024264081756275653,0.0028612211166293114
2021-09-05,0.26666666666666666,0.7666666666666667,0.3333333333333333,1.4666666666666666,3.1666666666666665,0.36666666666666664,0.004450230002623002,0.01077260582330108,0.004379748130893499,0.011413332754098043,0.02464722351872776,0.0028612211166293114
2021-09-06,0.26666666666666666,0.8333333333333334,0.3,1.4666666666666666,3.1666666666666665,0.36666666666666664,0.004450230002623002,0.011452877932144617,0.0036390073901527587,0.011413332754098043,0.024087544008889183,0.0028612211166293114
2021-09-07,0.26666666666666666,0.8333333333333334,0.3333333333333333,1.5,3.566666666666667,0.36666666666666664,0.004450230002623002,0.011452877932144617,0.003846046727626879,0.011528673007846602,0.025154851386876172,0.0028612211166293114
2021-09-08,0.26666666666666666,0.8333333333333334,0.3,1.5666666666666667,3.6333333333333333,0.36666666666666664,0.004450230002623002,0.011452877932144617,0.0034797463613265123,0.012093644759259031,0.025183594098545713,0.0028612211166293114
2021-09-09,0.43333333333333335,1.1333333333333333,0.43333333333333335,1.8,3.933333333333333,0.3333333333333333,0.006507843171347282,0.014016980496247182,0.005469796112570294,0.013354906020520292,0.02640109424077704,0.0024496984828844552
2021-09-10,0.4666666666666667,1.3666666666666667,0.6,1.9666666666666666,4.066666666666666,0.3333333333333333,0.006882375006553274,0.016473120847124375,0.007205907223681405,0.014301875717489988,0.0272480652427868,0.0024496984828844552
2021-09-11,0.5,1.4666666666666666,0.6,1.9333333333333333,4.0,0.3333333333333333,0.007447346757965704,0.017548389664328676,0.007468325218058163,0.013975078331869072,0.026574664569386126,0.0024496984828844552
2021-09-12,0.5,2.1666666666666665,0.6,2.3666666666666667,4.1,0.5,0.007447346757965704,0.021271793919647824,0.007468325218058163,0.01550629152385965,0.027387672699467427,0.003103293254126285
2021-09-13,0.5333333333333333,2.2333333333333334,0.6333333333333333,2.4,4.0,0.5,0.00786401342463237,0.022183186324711116,0.007683378981499023,0.015649353040311724,0.026264160794705522,0.0030657463204592015
2021-09-14,0.5333333333333333,2.533333333333333,0.7333333333333333,2.5,4.133333333333334,0.5,0.007840913401532349,0.02512436279529935,0.008635759933879975,0.01628629571547096,0.027392674215577745,0.0030657463204592015
2021-09-15,0.5333333333333333,2.566666666666667,0.8333333333333334,2.533333333333333,4.2,0.4666666666666667,0.007840913401532349,0.0253549453195712,0.009635759933879976,0.016490794692976072,0.027796446688315737,0.0026953759500888312
2021-09-16,0.5333333333333333,2.6333333333333333,0.8333333333333334,2.566666666666667,4.533333333333333,0.5,0.007840913401532349,0.026042230542938898,0.009635759933879976,0.01661515330559377,0.02969038608225513,0.0029351841035660494
2021-09-17,0.5333333333333333,2.6333333333333333,0.8333333333333334,2.6666666666666665,4.633333333333334,0.5,0.007840913401532349,0.026042230542938898,0.009583147392365394,0.01717070886114933,0.029611493630481323,0.0029351841035660494
2021-09-18,0.4666666666666667,2.7,0.8333333333333334,2.6666666666666665,4.966666666666667,0.5333333333333333,0.006986212546831494,0.02686527581042861,0.009583147392365394,0.017325942450741285,0.030909250524814823,0.003322781002790855
2021-09-19,0.4666666666666667,2.7333333333333334,0.8333333333333334,2.566666666666667,5.133333333333334,0.5666666666666667,0.007114417675036622,0.02711847366646754,0.009583147392365394,0.015992609117407953,0.03191085308891739,0.0034845933005254828
